Year,Month,Base/Project,LOBGroup,CostCategory,Forecasted Plan Rate
2025,1,Project,LOB_Group_1,Cost_Category_1,37267.43
2025,1,Base,LOB_Group_1,Cost_Category_2,73608.72
2025,1,Base,LOB_Group_1,Cost_Category_3,2975.23
2025,1,Project,LOB_Group_1,Cost_Category_4,24339.89
2025,1,Base,LOB_Group_1,Cost_Category_5,96517.34
2025,1,Project,LOB_Group_1,Cost_Category_6,91690.33
2025,1,Project,LOB_Group_1,Cost_Category_7,39712.23
2025,1,Base,LOB_Group_1,Cost_Category_8,66923.89
2025,1,Project,LOB_Group_1,Cost_Category_9,79670.74
2025,1,Project,LOB_Group_1,Cost_Category_10,7570.91
2025,1,Project,LOB_Group_1,Cost_Category_11,50893.99
2025,1,Base,LOB_Group_1,Cost_Category_12,84846.02
2025,1,Base,LOB_Group_1,Cost_Category_13,44868.49
2025,1,Base,LOB_Group_1,Cost_Category_14,10930.11
2025,1,Base,LOB_Group_1,Cost_Category_15,26575.37
2025,1,Base,LOB_Group_1,Cost_Category_16,31818.49
2025,1,Base,LOB_Group_2,Cost_Category_1,19872.68
2025,1,Base,LOB_Group_2,Cost_Category_2,92129.49
2025,1,Project,LOB_Group_2,Cost_Category_3,23916.35
2025,1,Project,LOB_Group_2,Cost_Category_4,8794.38
2025,1,Base,LOB_Group_2,Cost_Category_5,36647.56
2025,1,Base,LOB_Group_2,Cost_Category_6,11937.08
2025,1,Base,LOB_Group_2,Cost_Category_7,70759.55
2025,1,Project,LOB_Group_2,Cost_Category_8,78536.03
2025,1,Base,LOB_Group_2,Cost_Category_9,43158.67
2025,1,Base,LOB_Group_2,Cost_Category_10,9012.42
2025,1,Base,LOB_Group_2,Cost_Category_11,10957.28
2025,1,Project,LOB_Group_2,Cost_Category_12,69333.82
2025,1,Base,LOB_Group_2,Cost_Category_13,92575.68
2025,1,Project,LOB_Group_2,Cost_Category_14,30781.38
2025,1,Project,LOB_Group_2,Cost_Category_15,53161.51
2025,1,Base,LOB_Group_2,Cost_Category_16,88289.01
2025,1,Base,LOB_Group_3,Cost_Category_1,40246.85
2025,1,Project,LOB_Group_3,Cost_Category_2,35943.3
2025,1,Base,LOB_Group_3,Cost_Category_3,4045.83
2025,1,Base,LOB_Group_3,Cost_Category_4,2240.71
2025,1,Project,LOB_Group_3,Cost_Category_5,97031.19
2025,1,Project,LOB_Group_3,Cost_Category_6,3950.31
2025,1,Base,LOB_Group_3,Cost_Category_7,42746.13
2025,1,Base,LOB_Group_3,Cost_Category_8,49231.83
2025,1,Base,LOB_Group_3,Cost_Category_9,35169.26
2025,1,Project,LOB_Group_3,Cost_Category_10,69569.97
2025,1,Project,LOB_Group_3,Cost_Category_11,94027.11
2025,1,Base,LOB_Group_3,Cost_Category_12,88366.51
2025,1,Project,LOB_Group_3,Cost_Category_13,55930.6
2025,1,Project,LOB_Group_3,Cost_Category_14,71993.34
2025,1,Project,LOB_Group_3,Cost_Category_15,51995.32
2025,1,Project,LOB_Group_3,Cost_Category_16,59559.62
2025,1,Base,LOB_Group_4,Cost_Category_1,26823.83
2025,1,Base,LOB_Group_4,Cost_Category_2,58708.08
2025,1,Base,LOB_Group_4,Cost_Category_3,89343.96
2025,1,Project,LOB_Group_4,Cost_Category_4,1272.39
2025,1,Base,LOB_Group_4,Cost_Category_5,69694.3
2025,1,Project,LOB_Group_4,Cost_Category_6,20730.75
2025,1,Base,LOB_Group_4,Cost_Category_7,22547.93
2025,1,Project,LOB_Group_4,Cost_Category_8,57113.8
2025,1,Project,LOB_Group_4,Cost_Category_9,9038.31
2025,1,Project,LOB_Group_4,Cost_Category_10,27773.03
2025,1,Base,LOB_Group_4,Cost_Category_11,38658.94
2025,1,Project,LOB_Group_4,Cost_Category_12,67655.2
2025,1,Base,LOB_Group_4,Cost_Category_13,20704.03
2025,1,Project,LOB_Group_4,Cost_Category_14,22939.18
2025,1,Project,LOB_Group_4,Cost_Category_15,3788.48
2025,1,Base,LOB_Group_4,Cost_Category_16,91235.01
2025,1,Project,LOB_Group_5,Cost_Category_1,37116.52
2025,1,Base,LOB_Group_5,Cost_Category_2,32565.42
2025,1,Base,LOB_Group_5,Cost_Category_3,54315.97
2025,1,Base,LOB_Group_5,Cost_Category_4,89129.13
2025,1,Project,LOB_Group_5,Cost_Category_5,75302.68
2025,1,Project,LOB_Group_5,Cost_Category_6,82945.27
2025,1,Base,LOB_Group_5,Cost_Category_7,36555.95
2025,1,Project,LOB_Group_5,Cost_Category_8,88755.14
2025,1,Base,LOB_Group_5,Cost_Category_9,33209.27
2025,1,Project,LOB_Group_5,Cost_Category_10,66251.39
2025,1,Base,LOB_Group_5,Cost_Category_11,98191.71
2025,1,Project,LOB_Group_5,Cost_Category_12,22138.47
2025,1,Base,LOB_Group_5,Cost_Category_13,88379.57
2025,1,Project,LOB_Group_5,Cost_Category_14,42373.71
2025,1,Project,LOB_Group_5,Cost_Category_15,75762.72
2025,1,Base,LOB_Group_5,Cost_Category_16,70971.66
2025,1,Base,LOB_Group_6,Cost_Category_1,15429.32
2025,1,Base,LOB_Group_6,Cost_Category_2,71950.95
2025,1,Project,LOB_Group_6,Cost_Category_3,52056.3
2025,1,Project,LOB_Group_6,Cost_Category_4,84672.14
2025,1,Project,LOB_Group_6,Cost_Category_5,44668.77
2025,1,Project,LOB_Group_6,Cost_Category_6,96129.07
2025,1,Base,LOB_Group_6,Cost_Category_7,77645.96
2025,1,Base,LOB_Group_6,Cost_Category_8,25871.69
2025,1,Project,LOB_Group_6,Cost_Category_9,52759.47
2025,1,Base,LOB_Group_6,Cost_Category_10,6809.37
2025,1,Project,LOB_Group_6,Cost_Category_11,8478.68
2025,1,Base,LOB_Group_6,Cost_Category_12,92204.29
2025,1,Base,LOB_Group_6,Cost_Category_13,81725.38
2025,1,Base,LOB_Group_6,Cost_Category_14,89256.74
2025,1,Project,LOB_Group_6,Cost_Category_15,52255.01
2025,1,Project,LOB_Group_6,Cost_Category_16,21579.46
2025,1,Base,LOB_Group_7,Cost_Category_1,69761.72
2025,1,Base,LOB_Group_7,Cost_Category_2,48113.6
2025,1,Base,LOB_Group_7,Cost_Category_3,66138.92
2025,1,Project,LOB_Group_7,Cost_Category_4,75973.42
2025,1,Project,LOB_Group_7,Cost_Category_5,31082.77
2025,1,Base,LOB_Group_7,Cost_Category_6,77338.9
2025,1,Base,LOB_Group_7,Cost_Category_7,64963.99
2025,1,Base,LOB_Group_7,Cost_Category_8,51840.07
2025,1,Project,LOB_Group_7,Cost_Category_9,95078.88
2025,1,Project,LOB_Group_7,Cost_Category_10,82827.17
2025,1,Project,LOB_Group_7,Cost_Category_11,13269.04
2025,1,Base,LOB_Group_7,Cost_Category_12,68771.67
2025,1,Base,LOB_Group_7,Cost_Category_13,80449.22
2025,1,Base,LOB_Group_7,Cost_Category_14,29005.86
2025,1,Project,LOB_Group_7,Cost_Category_15,50949.37
2025,1,Base,LOB_Group_7,Cost_Category_16,67587.88
2025,1,Project,LOB_Group_8,Cost_Category_1,62111.34
2025,1,Base,LOB_Group_8,Cost_Category_2,45474.36
2025,1,Project,LOB_Group_8,Cost_Category_3,54920.61
2025,1,Project,LOB_Group_8,Cost_Category_4,35137.03
2025,1,Project,LOB_Group_8,Cost_Category_5,65936.45
2025,1,Base,LOB_Group_8,Cost_Category_6,69489.92
2025,1,Base,LOB_Group_8,Cost_Category_7,93949.71
2025,1,Project,LOB_Group_8,Cost_Category_8,65093.75
2025,1,Base,LOB_Group_8,Cost_Category_9,50468.71
2025,1,Base,LOB_Group_8,Cost_Category_10,75100.14
2025,1,Base,LOB_Group_8,Cost_Category_11,58421.96
2025,1,Project,LOB_Group_8,Cost_Category_12,69267.24
2025,1,Project,LOB_Group_8,Cost_Category_13,51184.01
2025,1,Base,LOB_Group_8,Cost_Category_14,68362.99
2025,1,Project,LOB_Group_8,Cost_Category_15,83661.27
2025,1,Project,LOB_Group_8,Cost_Category_16,93423.45
2025,2,Project,LOB_Group_1,Cost_Category_1,46682.43
2025,2,Project,LOB_Group_1,Cost_Category_2,17930.99
2025,2,Base,LOB_Group_1,Cost_Category_3,66169.33
2025,2,Project,LOB_Group_1,Cost_Category_4,3305.78
2025,2,Base,LOB_Group_1,Cost_Category_5,47577.09
2025,2,Project,LOB_Group_1,Cost_Category_6,67118.24
2025,2,Project,LOB_Group_1,Cost_Category_7,8440.48
2025,2,Project,LOB_Group_1,Cost_Category_8,87735.3
2025,2,Base,LOB_Group_1,Cost_Category_9,99177.08
2025,2,Project,LOB_Group_1,Cost_Category_10,98535.55
2025,2,Base,LOB_Group_1,Cost_Category_11,27648.31
2025,2,Base,LOB_Group_1,Cost_Category_12,68352.55
2025,2,Base,LOB_Group_1,Cost_Category_13,20414.84
2025,2,Project,LOB_Group_1,Cost_Category_14,92037.78
2025,2,Base,LOB_Group_1,Cost_Category_15,22534.73
2025,2,Base,LOB_Group_1,Cost_Category_16,69453.74
2025,2,Project,LOB_Group_2,Cost_Category_1,17291.41
2025,2,Project,LOB_Group_2,Cost_Category_2,95657.61
2025,2,Project,LOB_Group_2,Cost_Category_3,59886.62
2025,2,Base,LOB_Group_2,Cost_Category_4,57298.62
2025,2,Project,LOB_Group_2,Cost_Category_5,31435.24
2025,2,Project,LOB_Group_2,Cost_Category_6,86990.52
2025,2,Base,LOB_Group_2,Cost_Category_7,82584.98
2025,2,Project,LOB_Group_2,Cost_Category_8,65059.77
2025,2,Project,LOB_Group_2,Cost_Category_9,72742.62
2025,2,Base,LOB_Group_2,Cost_Category_10,10132.67
2025,2,Project,LOB_Group_2,Cost_Category_11,59775.32
2025,2,Project,LOB_Group_2,Cost_Category_12,80138.36
2025,2,Base,LOB_Group_2,Cost_Category_13,29216.95
2025,2,Base,LOB_Group_2,Cost_Category_14,56896.59
2025,2,Project,LOB_Group_2,Cost_Category_15,37997.15
2025,2,Project,LOB_Group_2,Cost_Category_16,76034.38
2025,2,Base,LOB_Group_3,Cost_Category_1,50202.16
2025,2,Base,LOB_Group_3,Cost_Category_2,4300.38
2025,2,Base,LOB_Group_3,Cost_Category_3,66438.73
2025,2,Base,LOB_Group_3,Cost_Category_4,4570.46
2025,2,Base,LOB_Group_3,Cost_Category_5,53772.85
2025,2,Base,LOB_Group_3,Cost_Category_6,21933.5
2025,2,Project,LOB_Group_3,Cost_Category_7,9050.69
2025,2,Project,LOB_Group_3,Cost_Category_8,20705.14
2025,2,Project,LOB_Group_3,Cost_Category_9,34571.46
2025,2,Base,LOB_Group_3,Cost_Category_10,26991.61
2025,2,Base,LOB_Group_3,Cost_Category_11,95924.92
2025,2,Project,LOB_Group_3,Cost_Category_12,86512.07
2025,2,Project,LOB_Group_3,Cost_Category_13,68456.17
2025,2,Base,LOB_Group_3,Cost_Category_14,31817.07
2025,2,Base,LOB_Group_3,Cost_Category_15,35721.38
2025,2,Project,LOB_Group_3,Cost_Category_16,29720.16
2025,2,Project,LOB_Group_4,Cost_Category_1,81244.74
2025,2,Project,LOB_Group_4,Cost_Category_2,46692.59
2025,2,Project,LOB_Group_4,Cost_Category_3,43206.92
2025,2,Project,LOB_Group_4,Cost_Category_4,46200.22
2025,2,Base,LOB_Group_4,Cost_Category_5,49701.46
2025,2,Project,LOB_Group_4,Cost_Category_6,37022.97
2025,2,Project,LOB_Group_4,Cost_Category_7,39408.24
2025,2,Project,LOB_Group_4,Cost_Category_8,77471.37
2025,2,Project,LOB_Group_4,Cost_Category_9,67044.71
2025,2,Base,LOB_Group_4,Cost_Category_10,48601.26
2025,2,Project,LOB_Group_4,Cost_Category_11,32386.06
2025,2,Project,LOB_Group_4,Cost_Category_12,30635.81
2025,2,Project,LOB_Group_4,Cost_Category_13,70471.62
2025,2,Project,LOB_Group_4,Cost_Category_14,44342.45
2025,2,Project,LOB_Group_4,Cost_Category_15,2227.62
2025,2,Base,LOB_Group_4,Cost_Category_16,34138.94
2025,2,Project,LOB_Group_5,Cost_Category_1,78903.92
2025,2,Project,LOB_Group_5,Cost_Category_2,43996.89
2025,2,Base,LOB_Group_5,Cost_Category_3,29047.03
2025,2,Project,LOB_Group_5,Cost_Category_4,31413.86
2025,2,Base,LOB_Group_5,Cost_Category_5,64158.37
2025,2,Base,LOB_Group_5,Cost_Category_6,17580.34
2025,2,Project,LOB_Group_5,Cost_Category_7,69589.43
2025,2,Base,LOB_Group_5,Cost_Category_8,49730.29
2025,2,Project,LOB_Group_5,Cost_Category_9,70095.89
2025,2,Project,LOB_Group_5,Cost_Category_10,96655.38
2025,2,Base,LOB_Group_5,Cost_Category_11,71021.04
2025,2,Base,LOB_Group_5,Cost_Category_12,53369.36
2025,2,Base,LOB_Group_5,Cost_Category_13,31068.8
2025,2,Project,LOB_Group_5,Cost_Category_14,17449.93
2025,2,Base,LOB_Group_5,Cost_Category_15,54638.3
2025,2,Base,LOB_Group_5,Cost_Category_16,76870.82
2025,2,Base,LOB_Group_6,Cost_Category_1,26651.03
2025,2,Base,LOB_Group_6,Cost_Category_2,71522.69
2025,2,Project,LOB_Group_6,Cost_Category_3,60653.88
2025,2,Project,LOB_Group_6,Cost_Category_4,41861.17
2025,2,Project,LOB_Group_6,Cost_Category_5,53400.87
2025,2,Project,LOB_Group_6,Cost_Category_6,50511.47
2025,2,Base,LOB_Group_6,Cost_Category_7,94568.85
2025,2,Base,LOB_Group_6,Cost_Category_8,49419.68
2025,2,Project,LOB_Group_6,Cost_Category_9,3453.99
2025,2,Project,LOB_Group_6,Cost_Category_10,12266.85
2025,2,Project,LOB_Group_6,Cost_Category_11,42141.18
2025,2,Project,LOB_Group_6,Cost_Category_12,37700.23
2025,2,Base,LOB_Group_6,Cost_Category_13,10564.87
2025,2,Project,LOB_Group_6,Cost_Category_14,52079.17
2025,2,Base,LOB_Group_6,Cost_Category_15,72618.39
2025,2,Base,LOB_Group_6,Cost_Category_16,74653.22
2025,2,Base,LOB_Group_7,Cost_Category_1,1974.59
2025,2,Project,LOB_Group_7,Cost_Category_2,23189.89
2025,2,Base,LOB_Group_7,Cost_Category_3,96489.53
2025,2,Base,LOB_Group_7,Cost_Category_4,21422.07
2025,2,Base,LOB_Group_7,Cost_Category_5,88754.47
2025,2,Base,LOB_Group_7,Cost_Category_6,51580.07
2025,2,Project,LOB_Group_7,Cost_Category_7,33795.49
2025,2,Project,LOB_Group_7,Cost_Category_8,42446.91
2025,2,Project,LOB_Group_7,Cost_Category_9,46482.88
2025,2,Project,LOB_Group_7,Cost_Category_10,33309.19
2025,2,Project,LOB_Group_7,Cost_Category_11,8008.6
2025,2,Project,LOB_Group_7,Cost_Category_12,76100.59
2025,2,Base,LOB_Group_7,Cost_Category_13,35501.81
2025,2,Base,LOB_Group_7,Cost_Category_14,59929.45
2025,2,Base,LOB_Group_7,Cost_Category_15,40153.34
2025,2,Base,LOB_Group_7,Cost_Category_16,67298.3
2025,2,Project,LOB_Group_8,Cost_Category_1,5050.15
2025,2,Project,LOB_Group_8,Cost_Category_2,19341.02
2025,2,Project,LOB_Group_8,Cost_Category_3,81175.41
2025,2,Project,LOB_Group_8,Cost_Category_4,26367.6
2025,2,Project,LOB_Group_8,Cost_Category_5,94985.96
2025,2,Base,LOB_Group_8,Cost_Category_6,12484.39
2025,2,Base,LOB_Group_8,Cost_Category_7,83192.56
2025,2,Project,LOB_Group_8,Cost_Category_8,60158.67
2025,2,Base,LOB_Group_8,Cost_Category_9,32130.57
2025,2,Project,LOB_Group_8,Cost_Category_10,58345.13
2025,2,Base,LOB_Group_8,Cost_Category_11,92400.63
2025,2,Project,LOB_Group_8,Cost_Category_12,62576.89
2025,2,Project,LOB_Group_8,Cost_Category_13,26311.08
2025,2,Base,LOB_Group_8,Cost_Category_14,44814.23
2025,2,Project,LOB_Group_8,Cost_Category_15,20387.18
2025,2,Project,LOB_Group_8,Cost_Category_16,78209.13
2025,3,Project,LOB_Group_1,Cost_Category_1,54041.48
2025,3,Project,LOB_Group_1,Cost_Category_2,44736.65
2025,3,Base,LOB_Group_1,Cost_Category_3,96633.61
2025,3,Base,LOB_Group_1,Cost_Category_4,62732.99
2025,3,Base,LOB_Group_1,Cost_Category_5,17783.66
2025,3,Project,LOB_Group_1,Cost_Category_6,41128.78
2025,3,Base,LOB_Group_1,Cost_Category_7,1009.16
2025,3,Project,LOB_Group_1,Cost_Category_8,37926.39
2025,3,Project,LOB_Group_1,Cost_Category_9,69248.55
2025,3,Project,LOB_Group_1,Cost_Category_10,38164.18
2025,3,Base,LOB_Group_1,Cost_Category_11,29518.18
2025,3,Project,LOB_Group_1,Cost_Category_12,38833.25
2025,3,Project,LOB_Group_1,Cost_Category_13,2158.48
2025,3,Project,LOB_Group_1,Cost_Category_14,96182.99
2025,3,Project,LOB_Group_1,Cost_Category_15,34825.48
2025,3,Project,LOB_Group_1,Cost_Category_16,50613.15
2025,3,Project,LOB_Group_2,Cost_Category_1,91357.38
2025,3,Base,LOB_Group_2,Cost_Category_2,77352.59
2025,3,Project,LOB_Group_2,Cost_Category_3,91329.02
2025,3,Base,LOB_Group_2,Cost_Category_4,90084.47
2025,3,Base,LOB_Group_2,Cost_Category_5,3391.42
2025,3,Base,LOB_Group_2,Cost_Category_6,49425.08
2025,3,Project,LOB_Group_2,Cost_Category_7,85315.95
2025,3,Project,LOB_Group_2,Cost_Category_8,18953.21
2025,3,Project,LOB_Group_2,Cost_Category_9,94811.48
2025,3,Project,LOB_Group_2,Cost_Category_10,99016.83
2025,3,Project,LOB_Group_2,Cost_Category_11,1820.22
2025,3,Base,LOB_Group_2,Cost_Category_12,18714.59
2025,3,Base,LOB_Group_2,Cost_Category_13,80621.54
2025,3,Project,LOB_Group_2,Cost_Category_14,62084.88
2025,3,Project,LOB_Group_2,Cost_Category_15,35238.87
2025,3,Base,LOB_Group_2,Cost_Category_16,61960.99
2025,3,Base,LOB_Group_3,Cost_Category_1,72659.45
2025,3,Project,LOB_Group_3,Cost_Category_2,65010.07
2025,3,Project,LOB_Group_3,Cost_Category_3,78583.65
2025,3,Base,LOB_Group_3,Cost_Category_4,73765.41
2025,3,Base,LOB_Group_3,Cost_Category_5,63275.39
2025,3,Project,LOB_Group_3,Cost_Category_6,71163.02
2025,3,Project,LOB_Group_3,Cost_Category_7,85364.9
2025,3,Base,LOB_Group_3,Cost_Category_8,12989.19
2025,3,Base,LOB_Group_3,Cost_Category_9,88657.91
2025,3,Base,LOB_Group_3,Cost_Category_10,4506.33
2025,3,Project,LOB_Group_3,Cost_Category_11,19590.09
2025,3,Project,LOB_Group_3,Cost_Category_12,57515.68
2025,3,Project,LOB_Group_3,Cost_Category_13,33127.12
2025,3,Base,LOB_Group_3,Cost_Category_14,49364.16
2025,3,Base,LOB_Group_3,Cost_Category_15,91221.8
2025,3,Project,LOB_Group_3,Cost_Category_16,27602.59
2025,3,Project,LOB_Group_4,Cost_Category_1,10782.8
2025,3,Project,LOB_Group_4,Cost_Category_2,79190.45
2025,3,Base,LOB_Group_4,Cost_Category_3,25007.0
2025,3,Base,LOB_Group_4,Cost_Category_4,46066.87
2025,3,Base,LOB_Group_4,Cost_Category_5,66544.41
2025,3,Project,LOB_Group_4,Cost_Category_6,69312.8
2025,3,Project,LOB_Group_4,Cost_Category_7,47428.09
2025,3,Base,LOB_Group_4,Cost_Category_8,86163.94
2025,3,Base,LOB_Group_4,Cost_Category_9,33346.97
2025,3,Project,LOB_Group_4,Cost_Category_10,2875.09
2025,3,Project,LOB_Group_4,Cost_Category_11,49225.79
2025,3,Project,LOB_Group_4,Cost_Category_12,98994.42
2025,3,Project,LOB_Group_4,Cost_Category_13,22466.9
2025,3,Project,LOB_Group_4,Cost_Category_14,68045.49
2025,3,Base,LOB_Group_4,Cost_Category_15,88546.42
2025,3,Project,LOB_Group_4,Cost_Category_16,29155.71
2025,3,Project,LOB_Group_5,Cost_Category_1,48651.24
2025,3,Base,LOB_Group_5,Cost_Category_2,91997.27
2025,3,Project,LOB_Group_5,Cost_Category_3,29862.72
2025,3,Base,LOB_Group_5,Cost_Category_4,4157.52
2025,3,Base,LOB_Group_5,Cost_Category_5,91600.8
2025,3,Base,LOB_Group_5,Cost_Category_6,1008.51
2025,3,Base,LOB_Group_5,Cost_Category_7,45285.07
2025,3,Base,LOB_Group_5,Cost_Category_8,11127.06
2025,3,Base,LOB_Group_5,Cost_Category_9,93761.32
2025,3,Project,LOB_Group_5,Cost_Category_10,29483.52
2025,3,Project,LOB_Group_5,Cost_Category_11,90663.34
2025,3,Base,LOB_Group_5,Cost_Category_12,21909.77
2025,3,Base,LOB_Group_5,Cost_Category_13,56557.58
2025,3,Base,LOB_Group_5,Cost_Category_14,52632.24
2025,3,Base,LOB_Group_5,Cost_Category_15,31258.71
2025,3,Base,LOB_Group_5,Cost_Category_16,47897.11
2025,3,Base,LOB_Group_6,Cost_Category_1,15549.26
2025,3,Base,LOB_Group_6,Cost_Category_2,50915.89
2025,3,Project,LOB_Group_6,Cost_Category_3,17054.62
2025,3,Base,LOB_Group_6,Cost_Category_4,11795.88
2025,3,Base,LOB_Group_6,Cost_Category_5,86530.04
2025,3,Base,LOB_Group_6,Cost_Category_6,24106.81
2025,3,Base,LOB_Group_6,Cost_Category_7,98114.39
2025,3,Base,LOB_Group_6,Cost_Category_8,20218.02
2025,3,Base,LOB_Group_6,Cost_Category_9,25463.97
2025,3,Base,LOB_Group_6,Cost_Category_10,34784.99
2025,3,Project,LOB_Group_6,Cost_Category_11,21779.63
2025,3,Project,LOB_Group_6,Cost_Category_12,16712.4
2025,3,Project,LOB_Group_6,Cost_Category_13,68552.87
2025,3,Base,LOB_Group_6,Cost_Category_14,86976.88
2025,3,Project,LOB_Group_6,Cost_Category_15,85092.5
2025,3,Base,LOB_Group_6,Cost_Category_16,3087.92
2025,3,Base,LOB_Group_7,Cost_Category_1,81992.48
2025,3,Base,LOB_Group_7,Cost_Category_2,17326.7
2025,3,Project,LOB_Group_7,Cost_Category_3,66798.33
2025,3,Base,LOB_Group_7,Cost_Category_4,17432.45
2025,3,Base,LOB_Group_7,Cost_Category_5,74946.09
2025,3,Project,LOB_Group_7,Cost_Category_6,57125.07
2025,3,Project,LOB_Group_7,Cost_Category_7,16605.22
2025,3,Project,LOB_Group_7,Cost_Category_8,5643.03
2025,3,Base,LOB_Group_7,Cost_Category_9,21109.11
2025,3,Base,LOB_Group_7,Cost_Category_10,20863.88
2025,3,Base,LOB_Group_7,Cost_Category_11,25102.59
2025,3,Project,LOB_Group_7,Cost_Category_12,81905.16
2025,3,Base,LOB_Group_7,Cost_Category_13,26073.47
2025,3,Base,LOB_Group_7,Cost_Category_14,77738.58
2025,3,Base,LOB_Group_7,Cost_Category_15,43928.11
2025,3,Project,LOB_Group_7,Cost_Category_16,28469.78
2025,3,Base,LOB_Group_8,Cost_Category_1,14894.93
2025,3,Base,LOB_Group_8,Cost_Category_2,83135.51
2025,3,Project,LOB_Group_8,Cost_Category_3,70225.07
2025,3,Project,LOB_Group_8,Cost_Category_4,80831.69
2025,3,Project,LOB_Group_8,Cost_Category_5,25545.81
2025,3,Base,LOB_Group_8,Cost_Category_6,38442.01
2025,3,Base,LOB_Group_8,Cost_Category_7,8948.79
2025,3,Project,LOB_Group_8,Cost_Category_8,16438.26
2025,3,Base,LOB_Group_8,Cost_Category_9,86426.28
2025,3,Base,LOB_Group_8,Cost_Category_10,41672.09
2025,3,Project,LOB_Group_8,Cost_Category_11,50612.47
2025,3,Project,LOB_Group_8,Cost_Category_12,79076.8
2025,3,Project,LOB_Group_8,Cost_Category_13,99852.22
2025,3,Project,LOB_Group_8,Cost_Category_14,70258.82
2025,3,Base,LOB_Group_8,Cost_Category_15,96472.5
2025,3,Base,LOB_Group_8,Cost_Category_16,10095.43
2025,4,Base,LOB_Group_1,Cost_Category_1,16621.23
2025,4,Base,LOB_Group_1,Cost_Category_2,41638.26
2025,4,Base,LOB_Group_1,Cost_Category_3,75626.02
2025,4,Project,LOB_Group_1,Cost_Category_4,15820.32
2025,4,Project,LOB_Group_1,Cost_Category_5,74235.58
2025,4,Base,LOB_Group_1,Cost_Category_6,11543.19
2025,4,Project,LOB_Group_1,Cost_Category_7,31682.84
2025,4,Base,LOB_Group_1,Cost_Category_8,68902.83
2025,4,Base,LOB_Group_1,Cost_Category_9,28856.96
2025,4,Base,LOB_Group_1,Cost_Category_10,98334.82
2025,4,Base,LOB_Group_1,Cost_Category_11,12720.39
2025,4,Base,LOB_Group_1,Cost_Category_12,30528.39
2025,4,Base,LOB_Group_1,Cost_Category_13,17502.89
2025,4,Base,LOB_Group_1,Cost_Category_14,35592.17
2025,4,Project,LOB_Group_1,Cost_Category_15,41105.19
2025,4,Base,LOB_Group_1,Cost_Category_16,34884.52
2025,4,Project,LOB_Group_2,Cost_Category_1,35154.72
2025,4,Project,LOB_Group_2,Cost_Category_2,21046.02
2025,4,Project,LOB_Group_2,Cost_Category_3,69717.08
2025,4,Base,LOB_Group_2,Cost_Category_4,63537.01
2025,4,Project,LOB_Group_2,Cost_Category_5,67198.4
2025,4,Project,LOB_Group_2,Cost_Category_6,42817.27
2025,4,Base,LOB_Group_2,Cost_Category_7,46885.25
2025,4,Project,LOB_Group_2,Cost_Category_8,60221.63
2025,4,Project,LOB_Group_2,Cost_Category_9,83877.45
2025,4,Base,LOB_Group_2,Cost_Category_10,70272.21
2025,4,Project,LOB_Group_2,Cost_Category_11,42716.43
2025,4,Project,LOB_Group_2,Cost_Category_12,34210.08
2025,4,Base,LOB_Group_2,Cost_Category_13,49865.66
2025,4,Project,LOB_Group_2,Cost_Category_14,28523.24
2025,4,Base,LOB_Group_2,Cost_Category_15,1225.37
2025,4,Base,LOB_Group_2,Cost_Category_16,56778.5
2025,4,Base,LOB_Group_3,Cost_Category_1,61910.88
2025,4,Base,LOB_Group_3,Cost_Category_2,8842.52
2025,4,Base,LOB_Group_3,Cost_Category_3,60827.02
2025,4,Project,LOB_Group_3,Cost_Category_4,65185.16
2025,4,Base,LOB_Group_3,Cost_Category_5,92733.99
2025,4,Base,LOB_Group_3,Cost_Category_6,87943.9
2025,4,Base,LOB_Group_3,Cost_Category_7,25161.95
2025,4,Project,LOB_Group_3,Cost_Category_8,9402.22
2025,4,Base,LOB_Group_3,Cost_Category_9,19412.55
2025,4,Project,LOB_Group_3,Cost_Category_10,33319.14
2025,4,Project,LOB_Group_3,Cost_Category_11,83576.95
2025,4,Base,LOB_Group_3,Cost_Category_12,88540.45
2025,4,Base,LOB_Group_3,Cost_Category_13,89911.9
2025,4,Project,LOB_Group_3,Cost_Category_14,20461.5
2025,4,Base,LOB_Group_3,Cost_Category_15,15936.66
2025,4,Base,LOB_Group_3,Cost_Category_16,5270.54
2025,4,Project,LOB_Group_4,Cost_Category_1,82086.76
2025,4,Project,LOB_Group_4,Cost_Category_2,44625.86
2025,4,Base,LOB_Group_4,Cost_Category_3,69323.98
2025,4,Project,LOB_Group_4,Cost_Category_4,11460.07
2025,4,Base,LOB_Group_4,Cost_Category_5,69499.32
2025,4,Project,LOB_Group_4,Cost_Category_6,34758.06
2025,4,Base,LOB_Group_4,Cost_Category_7,43261.21
2025,4,Project,LOB_Group_4,Cost_Category_8,86686.82
2025,4,Project,LOB_Group_4,Cost_Category_9,73206.32
2025,4,Base,LOB_Group_4,Cost_Category_10,25062.71
2025,4,Project,LOB_Group_4,Cost_Category_11,36276.8
2025,4,Project,LOB_Group_4,Cost_Category_12,76189.04
2025,4,Project,LOB_Group_4,Cost_Category_13,68452.8
2025,4,Project,LOB_Group_4,Cost_Category_14,98823.1
2025,4,Base,LOB_Group_4,Cost_Category_15,48965.07
2025,4,Project,LOB_Group_4,Cost_Category_16,77995.48
2025,4,Project,LOB_Group_5,Cost_Category_1,95251.79
2025,4,Project,LOB_Group_5,Cost_Category_2,40079.4
2025,4,Project,LOB_Group_5,Cost_Category_3,91585.53
2025,4,Project,LOB_Group_5,Cost_Category_4,21222.24
2025,4,Project,LOB_Group_5,Cost_Category_5,81134.42
2025,4,Project,LOB_Group_5,Cost_Category_6,36724.11
2025,4,Project,LOB_Group_5,Cost_Category_7,10268.16
2025,4,Project,LOB_Group_5,Cost_Category_8,23952.19
2025,4,Base,LOB_Group_5,Cost_Category_9,29595.62
2025,4,Base,LOB_Group_5,Cost_Category_10,79446.03
2025,4,Project,LOB_Group_5,Cost_Category_11,94031.17
2025,4,Project,LOB_Group_5,Cost_Category_12,52359.55
2025,4,Base,LOB_Group_5,Cost_Category_13,47070.7
2025,4,Base,LOB_Group_5,Cost_Category_14,85035.49
2025,4,Project,LOB_Group_5,Cost_Category_15,7026.46
2025,4,Project,LOB_Group_5,Cost_Category_16,28633.98
2025,4,Project,LOB_Group_6,Cost_Category_1,9329.73
2025,4,Base,LOB_Group_6,Cost_Category_2,81372.75
2025,4,Base,LOB_Group_6,Cost_Category_3,89518.58
2025,4,Base,LOB_Group_6,Cost_Category_4,55005.66
2025,4,Base,LOB_Group_6,Cost_Category_5,28617.68
2025,4,Base,LOB_Group_6,Cost_Category_6,77148.54
2025,4,Project,LOB_Group_6,Cost_Category_7,79613.08
2025,4,Base,LOB_Group_6,Cost_Category_8,76545.03
2025,4,Project,LOB_Group_6,Cost_Category_9,96139.08
2025,4,Project,LOB_Group_6,Cost_Category_10,71606.78
2025,4,Base,LOB_Group_6,Cost_Category_11,75525.73
2025,4,Project,LOB_Group_6,Cost_Category_12,30893.95
2025,4,Base,LOB_Group_6,Cost_Category_13,45039.11
2025,4,Base,LOB_Group_6,Cost_Category_14,48232.25
2025,4,Base,LOB_Group_6,Cost_Category_15,59083.8
2025,4,Project,LOB_Group_6,Cost_Category_16,37921.52
2025,4,Base,LOB_Group_7,Cost_Category_1,29699.05
2025,4,Project,LOB_Group_7,Cost_Category_2,77909.79
2025,4,Project,LOB_Group_7,Cost_Category_3,68802.64
2025,4,Project,LOB_Group_7,Cost_Category_4,83823.25
2025,4,Base,LOB_Group_7,Cost_Category_5,61534.55
2025,4,Project,LOB_Group_7,Cost_Category_6,18777.53
2025,4,Base,LOB_Group_7,Cost_Category_7,69060.0
2025,4,Base,LOB_Group_7,Cost_Category_8,29304.51
2025,4,Project,LOB_Group_7,Cost_Category_9,10995.52
2025,4,Base,LOB_Group_7,Cost_Category_10,81969.59
2025,4,Base,LOB_Group_7,Cost_Category_11,81514.54
2025,4,Project,LOB_Group_7,Cost_Category_12,81848.5
2025,4,Base,LOB_Group_7,Cost_Category_13,68671.73
2025,4,Base,LOB_Group_7,Cost_Category_14,44264.46
2025,4,Project,LOB_Group_7,Cost_Category_15,77777.52
2025,4,Base,LOB_Group_7,Cost_Category_16,91969.57
2025,4,Project,LOB_Group_8,Cost_Category_1,59226.62
2025,4,Base,LOB_Group_8,Cost_Category_2,44447.47
2025,4,Base,LOB_Group_8,Cost_Category_3,67414.69
2025,4,Project,LOB_Group_8,Cost_Category_4,51351.97
2025,4,Project,LOB_Group_8,Cost_Category_5,65101.28
2025,4,Project,LOB_Group_8,Cost_Category_6,2929.66
2025,4,Project,LOB_Group_8,Cost_Category_7,91972.66
2025,4,Base,LOB_Group_8,Cost_Category_8,98309.52
2025,4,Base,LOB_Group_8,Cost_Category_9,21384.54
2025,4,Base,LOB_Group_8,Cost_Category_10,33204.9
2025,4,Project,LOB_Group_8,Cost_Category_11,33836.62
2025,4,Project,LOB_Group_8,Cost_Category_12,40929.37
2025,4,Base,LOB_Group_8,Cost_Category_13,52044.92
2025,4,Base,LOB_Group_8,Cost_Category_14,67959.55
2025,4,Base,LOB_Group_8,Cost_Category_15,21872.74
2025,4,Project,LOB_Group_8,Cost_Category_16,42327.65
2025,5,Project,LOB_Group_1,Cost_Category_1,62303.57
2025,5,Project,LOB_Group_1,Cost_Category_2,59811.36
2025,5,Project,LOB_Group_1,Cost_Category_3,79482.59
2025,5,Project,LOB_Group_1,Cost_Category_4,33301.98
2025,5,Project,LOB_Group_1,Cost_Category_5,23577.29
2025,5,Project,LOB_Group_1,Cost_Category_6,88437.17
2025,5,Project,LOB_Group_1,Cost_Category_7,67121.69
2025,5,Project,LOB_Group_1,Cost_Category_8,55882.58
2025,5,Base,LOB_Group_1,Cost_Category_9,17060.96
2025,5,Base,LOB_Group_1,Cost_Category_10,3025.5
2025,5,Project,LOB_Group_1,Cost_Category_11,5020.19
2025,5,Base,LOB_Group_1,Cost_Category_12,60246.79
2025,5,Base,LOB_Group_1,Cost_Category_13,80449.16
2025,5,Base,LOB_Group_1,Cost_Category_14,69339.11
2025,5,Project,LOB_Group_1,Cost_Category_15,51211.4
2025,5,Project,LOB_Group_1,Cost_Category_16,80209.64
2025,5,Project,LOB_Group_2,Cost_Category_1,3745.75
2025,5,Base,LOB_Group_2,Cost_Category_2,72638.86
2025,5,Base,LOB_Group_2,Cost_Category_3,66856.45
2025,5,Base,LOB_Group_2,Cost_Category_4,90838.28
2025,5,Base,LOB_Group_2,Cost_Category_5,36436.88
2025,5,Base,LOB_Group_2,Cost_Category_6,9512.33
2025,5,Project,LOB_Group_2,Cost_Category_7,91727.13
2025,5,Project,LOB_Group_2,Cost_Category_8,30624.23
2025,5,Project,LOB_Group_2,Cost_Category_9,73563.02
2025,5,Base,LOB_Group_2,Cost_Category_10,55396.31
2025,5,Base,LOB_Group_2,Cost_Category_11,42361.21
2025,5,Base,LOB_Group_2,Cost_Category_12,68661.23
2025,5,Project,LOB_Group_2,Cost_Category_13,70542.09
2025,5,Project,LOB_Group_2,Cost_Category_14,39824.52
2025,5,Project,LOB_Group_2,Cost_Category_15,29355.09
2025,5,Project,LOB_Group_2,Cost_Category_16,62690.77
2025,5,Base,LOB_Group_3,Cost_Category_1,50471.65
2025,5,Project,LOB_Group_3,Cost_Category_2,52724.69
2025,5,Project,LOB_Group_3,Cost_Category_3,17476.73
2025,5,Project,LOB_Group_3,Cost_Category_4,48167.78
2025,5,Base,LOB_Group_3,Cost_Category_5,38122.4
2025,5,Project,LOB_Group_3,Cost_Category_6,84696.21
2025,5,Base,LOB_Group_3,Cost_Category_7,85881.1
2025,5,Project,LOB_Group_3,Cost_Category_8,81191.84
2025,5,Base,LOB_Group_3,Cost_Category_9,78062.73
2025,5,Project,LOB_Group_3,Cost_Category_10,99729.28
2025,5,Project,LOB_Group_3,Cost_Category_11,10077.1
2025,5,Base,LOB_Group_3,Cost_Category_12,44340.12
2025,5,Base,LOB_Group_3,Cost_Category_13,80706.19
2025,5,Base,LOB_Group_3,Cost_Category_14,63681.94
2025,5,Project,LOB_Group_3,Cost_Category_15,95193.91
2025,5,Project,LOB_Group_3,Cost_Category_16,21456.41
2025,5,Base,LOB_Group_4,Cost_Category_1,57621.51
2025,5,Base,LOB_Group_4,Cost_Category_2,21489.91
2025,5,Base,LOB_Group_4,Cost_Category_3,86671.28
2025,5,Base,LOB_Group_4,Cost_Category_4,19777.9
2025,5,Project,LOB_Group_4,Cost_Category_5,18476.06
2025,5,Base,LOB_Group_4,Cost_Category_6,2398.55
2025,5,Project,LOB_Group_4,Cost_Category_7,24347.53
2025,5,Base,LOB_Group_4,Cost_Category_8,20473.44
2025,5,Base,LOB_Group_4,Cost_Category_9,11084.94
2025,5,Base,LOB_Group_4,Cost_Category_10,7701.27
2025,5,Base,LOB_Group_4,Cost_Category_11,30959.68
2025,5,Base,LOB_Group_4,Cost_Category_12,22800.77
2025,5,Project,LOB_Group_4,Cost_Category_13,77791.26
2025,5,Base,LOB_Group_4,Cost_Category_14,49290.47
2025,5,Base,LOB_Group_4,Cost_Category_15,59497.42
2025,5,Base,LOB_Group_4,Cost_Category_16,10148.81
2025,5,Project,LOB_Group_5,Cost_Category_1,47588.04
2025,5,Base,LOB_Group_5,Cost_Category_2,31274.1
2025,5,Base,LOB_Group_5,Cost_Category_3,20715.99
2025,5,Project,LOB_Group_5,Cost_Category_4,45565.39
2025,5,Base,LOB_Group_5,Cost_Category_5,5118.94
2025,5,Base,LOB_Group_5,Cost_Category_6,85201.25
2025,5,Base,LOB_Group_5,Cost_Category_7,74631.53
2025,5,Project,LOB_Group_5,Cost_Category_8,57827.12
2025,5,Project,LOB_Group_5,Cost_Category_9,20664.61
2025,5,Base,LOB_Group_5,Cost_Category_10,26936.8
2025,5,Project,LOB_Group_5,Cost_Category_11,64831.13
2025,5,Project,LOB_Group_5,Cost_Category_12,83728.63
2025,5,Project,LOB_Group_5,Cost_Category_13,59571.75
2025,5,Base,LOB_Group_5,Cost_Category_14,74763.11
2025,5,Base,LOB_Group_5,Cost_Category_15,15036.83
2025,5,Project,LOB_Group_5,Cost_Category_16,23792.43
2025,5,Project,LOB_Group_6,Cost_Category_1,6971.14
2025,5,Base,LOB_Group_6,Cost_Category_2,78624.42
2025,5,Base,LOB_Group_6,Cost_Category_3,33371.72
2025,5,Base,LOB_Group_6,Cost_Category_4,15083.79
2025,5,Base,LOB_Group_6,Cost_Category_5,36963.65
2025,5,Project,LOB_Group_6,Cost_Category_6,4206.76
2025,5,Project,LOB_Group_6,Cost_Category_7,54400.34
2025,5,Base,LOB_Group_6,Cost_Category_8,92761.97
2025,5,Base,LOB_Group_6,Cost_Category_9,53849.73
2025,5,Project,LOB_Group_6,Cost_Category_10,58894.8
2025,5,Base,LOB_Group_6,Cost_Category_11,8524.99
2025,5,Project,LOB_Group_6,Cost_Category_12,77386.02
2025,5,Project,LOB_Group_6,Cost_Category_13,51885.32
2025,5,Project,LOB_Group_6,Cost_Category_14,68488.78
2025,5,Project,LOB_Group_6,Cost_Category_15,14420.47
2025,5,Project,LOB_Group_6,Cost_Category_16,48963.66
2025,5,Base,LOB_Group_7,Cost_Category_1,35952.81
2025,5,Project,LOB_Group_7,Cost_Category_2,43337.99
2025,5,Project,LOB_Group_7,Cost_Category_3,4323.0
2025,5,Base,LOB_Group_7,Cost_Category_4,20070.91
2025,5,Base,LOB_Group_7,Cost_Category_5,6793.29
2025,5,Project,LOB_Group_7,Cost_Category_6,45454.23
2025,5,Project,LOB_Group_7,Cost_Category_7,94185.68
2025,5,Project,LOB_Group_7,Cost_Category_8,61946.44
2025,5,Project,LOB_Group_7,Cost_Category_9,4925.6
2025,5,Project,LOB_Group_7,Cost_Category_10,72097.01
2025,5,Project,LOB_Group_7,Cost_Category_11,7170.83
2025,5,Project,LOB_Group_7,Cost_Category_12,49002.22
2025,5,Base,LOB_Group_7,Cost_Category_13,2028.62
2025,5,Project,LOB_Group_7,Cost_Category_14,73283.39
2025,5,Project,LOB_Group_7,Cost_Category_15,49263.77
2025,5,Base,LOB_Group_7,Cost_Category_16,62034.07
2025,5,Base,LOB_Group_8,Cost_Category_1,46034.02
2025,5,Base,LOB_Group_8,Cost_Category_2,76345.78
2025,5,Base,LOB_Group_8,Cost_Category_3,38231.97
2025,5,Base,LOB_Group_8,Cost_Category_4,47702.56
2025,5,Base,LOB_Group_8,Cost_Category_5,30395.02
2025,5,Base,LOB_Group_8,Cost_Category_6,59183.12
2025,5,Base,LOB_Group_8,Cost_Category_7,59453.22
2025,5,Project,LOB_Group_8,Cost_Category_8,87188.02
2025,5,Base,LOB_Group_8,Cost_Category_9,15892.84
2025,5,Project,LOB_Group_8,Cost_Category_10,1488.39
2025,5,Base,LOB_Group_8,Cost_Category_11,20678.06
2025,5,Base,LOB_Group_8,Cost_Category_12,8754.24
2025,5,Base,LOB_Group_8,Cost_Category_13,89211.22
2025,5,Base,LOB_Group_8,Cost_Category_14,87519.1
2025,5,Project,LOB_Group_8,Cost_Category_15,14342.69
2025,5,Base,LOB_Group_8,Cost_Category_16,96886.02
2025,6,Base,LOB_Group_1,Cost_Category_1,82174.35
2025,6,Project,LOB_Group_1,Cost_Category_2,49452.45
2025,6,Base,LOB_Group_1,Cost_Category_3,37495.78
2025,6,Project,LOB_Group_1,Cost_Category_4,98682.74
2025,6,Base,LOB_Group_1,Cost_Category_5,30715.1
2025,6,Base,LOB_Group_1,Cost_Category_6,36086.19
2025,6,Project,LOB_Group_1,Cost_Category_7,80741.44
2025,6,Project,LOB_Group_1,Cost_Category_8,20359.73
2025,6,Base,LOB_Group_1,Cost_Category_9,39544.85
2025,6,Project,LOB_Group_1,Cost_Category_10,73454.7
2025,6,Base,LOB_Group_1,Cost_Category_11,90608.75
2025,6,Project,LOB_Group_1,Cost_Category_12,87230.56
2025,6,Base,LOB_Group_1,Cost_Category_13,40202.36
2025,6,Base,LOB_Group_1,Cost_Category_14,29419.6
2025,6,Base,LOB_Group_1,Cost_Category_15,69683.44
2025,6,Project,LOB_Group_1,Cost_Category_16,51930.43
2025,6,Base,LOB_Group_2,Cost_Category_1,8466.26
2025,6,Project,LOB_Group_2,Cost_Category_2,19326.92
2025,6,Project,LOB_Group_2,Cost_Category_3,6733.35
2025,6,Project,LOB_Group_2,Cost_Category_4,37228.78
2025,6,Base,LOB_Group_2,Cost_Category_5,48761.34
2025,6,Project,LOB_Group_2,Cost_Category_6,1969.59
2025,6,Base,LOB_Group_2,Cost_Category_7,48069.65
2025,6,Project,LOB_Group_2,Cost_Category_8,35136.21
2025,6,Project,LOB_Group_2,Cost_Category_9,95080.87
2025,6,Project,LOB_Group_2,Cost_Category_10,41669.47
2025,6,Base,LOB_Group_2,Cost_Category_11,30942.18
2025,6,Project,LOB_Group_2,Cost_Category_12,44703.95
2025,6,Project,LOB_Group_2,Cost_Category_13,32930.96
2025,6,Base,LOB_Group_2,Cost_Category_14,28150.19
2025,6,Project,LOB_Group_2,Cost_Category_15,17920.12
2025,6,Project,LOB_Group_2,Cost_Category_16,6258.5
2025,6,Project,LOB_Group_3,Cost_Category_1,26122.55
2025,6,Base,LOB_Group_3,Cost_Category_2,95169.22
2025,6,Project,LOB_Group_3,Cost_Category_3,20251.73
2025,6,Base,LOB_Group_3,Cost_Category_4,19294.62
2025,6,Project,LOB_Group_3,Cost_Category_5,29481.05
2025,6,Base,LOB_Group_3,Cost_Category_6,53993.99
2025,6,Project,LOB_Group_3,Cost_Category_7,62436.67
2025,6,Project,LOB_Group_3,Cost_Category_8,49650.07
2025,6,Project,LOB_Group_3,Cost_Category_9,64130.6
2025,6,Base,LOB_Group_3,Cost_Category_10,15758.17
2025,6,Base,LOB_Group_3,Cost_Category_11,18314.87
2025,6,Project,LOB_Group_3,Cost_Category_12,39326.37
2025,6,Project,LOB_Group_3,Cost_Category_13,43610.35
2025,6,Base,LOB_Group_3,Cost_Category_14,73598.53
2025,6,Base,LOB_Group_3,Cost_Category_15,36777.09
2025,6,Project,LOB_Group_3,Cost_Category_16,79085.54
2025,6,Base,LOB_Group_4,Cost_Category_1,36376.37
2025,6,Project,LOB_Group_4,Cost_Category_2,99593.58
2025,6,Project,LOB_Group_4,Cost_Category_3,21890.2
2025,6,Project,LOB_Group_4,Cost_Category_4,78378.83
2025,6,Project,LOB_Group_4,Cost_Category_5,21070.11
2025,6,Base,LOB_Group_4,Cost_Category_6,14691.59
2025,6,Base,LOB_Group_4,Cost_Category_7,89512.05
2025,6,Base,LOB_Group_4,Cost_Category_8,23947.31
2025,6,Base,LOB_Group_4,Cost_Category_9,42774.06
2025,6,Project,LOB_Group_4,Cost_Category_10,86790.48
2025,6,Base,LOB_Group_4,Cost_Category_11,75216.69
2025,6,Base,LOB_Group_4,Cost_Category_12,5801.94
2025,6,Project,LOB_Group_4,Cost_Category_13,53659.87
2025,6,Project,LOB_Group_4,Cost_Category_14,33586.81
2025,6,Project,LOB_Group_4,Cost_Category_15,92292.23
2025,6,Project,LOB_Group_4,Cost_Category_16,18896.65
2025,6,Project,LOB_Group_5,Cost_Category_1,20996.16
2025,6,Base,LOB_Group_5,Cost_Category_2,50000.61
2025,6,Base,LOB_Group_5,Cost_Category_3,36854.58
2025,6,Base,LOB_Group_5,Cost_Category_4,98141.64
2025,6,Project,LOB_Group_5,Cost_Category_5,6986.49
2025,6,Project,LOB_Group_5,Cost_Category_6,60080.63
2025,6,Project,LOB_Group_5,Cost_Category_7,65955.33
2025,6,Base,LOB_Group_5,Cost_Category_8,48776.77
2025,6,Base,LOB_Group_5,Cost_Category_9,60246.28
2025,6,Project,LOB_Group_5,Cost_Category_10,8537.07
2025,6,Project,LOB_Group_5,Cost_Category_11,56236.05
2025,6,Base,LOB_Group_5,Cost_Category_12,56072.23
2025,6,Project,LOB_Group_5,Cost_Category_13,7032.93
2025,6,Project,LOB_Group_5,Cost_Category_14,85826.88
2025,6,Project,LOB_Group_5,Cost_Category_15,82848.24
2025,6,Base,LOB_Group_5,Cost_Category_16,82268.93
2025,6,Project,LOB_Group_6,Cost_Category_1,77339.95
2025,6,Project,LOB_Group_6,Cost_Category_2,84076.2
2025,6,Project,LOB_Group_6,Cost_Category_3,9475.9
2025,6,Project,LOB_Group_6,Cost_Category_4,2169.06
2025,6,Project,LOB_Group_6,Cost_Category_5,31966.09
2025,6,Base,LOB_Group_6,Cost_Category_6,9896.86
2025,6,Project,LOB_Group_6,Cost_Category_7,37828.63
2025,6,Project,LOB_Group_6,Cost_Category_8,58255.81
2025,6,Base,LOB_Group_6,Cost_Category_9,7584.05
2025,6,Project,LOB_Group_6,Cost_Category_10,25974.47
2025,6,Base,LOB_Group_6,Cost_Category_11,39933.8
2025,6,Project,LOB_Group_6,Cost_Category_12,73945.05
2025,6,Base,LOB_Group_6,Cost_Category_13,17323.12
2025,6,Project,LOB_Group_6,Cost_Category_14,95195.69
2025,6,Project,LOB_Group_6,Cost_Category_15,91725.3
2025,6,Project,LOB_Group_6,Cost_Category_16,69734.53
2025,6,Base,LOB_Group_7,Cost_Category_1,91861.1
2025,6,Base,LOB_Group_7,Cost_Category_2,5816.51
2025,6,Base,LOB_Group_7,Cost_Category_3,78465.56
2025,6,Base,LOB_Group_7,Cost_Category_4,43830.52
2025,6,Base,LOB_Group_7,Cost_Category_5,89923.94
2025,6,Project,LOB_Group_7,Cost_Category_6,25517.61
2025,6,Project,LOB_Group_7,Cost_Category_7,50568.13
2025,6,Base,LOB_Group_7,Cost_Category_8,40685.19
2025,6,Project,LOB_Group_7,Cost_Category_9,1060.64
2025,6,Base,LOB_Group_7,Cost_Category_10,11378.27
2025,6,Base,LOB_Group_7,Cost_Category_11,1797.35
2025,6,Base,LOB_Group_7,Cost_Category_12,24581.98
2025,6,Base,LOB_Group_7,Cost_Category_13,11784.64
2025,6,Project,LOB_Group_7,Cost_Category_14,16784.0
2025,6,Project,LOB_Group_7,Cost_Category_15,59899.74
2025,6,Base,LOB_Group_7,Cost_Category_16,42959.33
2025,6,Base,LOB_Group_8,Cost_Category_1,53468.32
2025,6,Base,LOB_Group_8,Cost_Category_2,27965.75
2025,6,Base,LOB_Group_8,Cost_Category_3,8723.04
2025,6,Base,LOB_Group_8,Cost_Category_4,76718.74
2025,6,Base,LOB_Group_8,Cost_Category_5,22728.4
2025,6,Project,LOB_Group_8,Cost_Category_6,68516.33
2025,6,Base,LOB_Group_8,Cost_Category_7,56360.21
2025,6,Base,LOB_Group_8,Cost_Category_8,94407.79
2025,6,Project,LOB_Group_8,Cost_Category_9,49343.31
2025,6,Project,LOB_Group_8,Cost_Category_10,1076.42
2025,6,Base,LOB_Group_8,Cost_Category_11,52141.8
2025,6,Base,LOB_Group_8,Cost_Category_12,12117.21
2025,6,Project,LOB_Group_8,Cost_Category_13,33587.77
2025,6,Base,LOB_Group_8,Cost_Category_14,36800.11
2025,6,Base,LOB_Group_8,Cost_Category_15,32474.9
2025,6,Project,LOB_Group_8,Cost_Category_16,49672.39
2025,7,Base,LOB_Group_1,Cost_Category_1,22054.89
2025,7,Base,LOB_Group_1,Cost_Category_2,23527.19
2025,7,Base,LOB_Group_1,Cost_Category_3,31561.69
2025,7,Project,LOB_Group_1,Cost_Category_4,71491.69
2025,7,Base,LOB_Group_1,Cost_Category_5,15716.65
2025,7,Base,LOB_Group_1,Cost_Category_6,99931.24
2025,7,Base,LOB_Group_1,Cost_Category_7,40066.68
2025,7,Project,LOB_Group_1,Cost_Category_8,76032.38
2025,7,Base,LOB_Group_1,Cost_Category_9,44088.46
2025,7,Base,LOB_Group_1,Cost_Category_10,32576.63
2025,7,Base,LOB_Group_1,Cost_Category_11,57163.35
2025,7,Project,LOB_Group_1,Cost_Category_12,66538.76
2025,7,Base,LOB_Group_1,Cost_Category_13,67463.44
2025,7,Project,LOB_Group_1,Cost_Category_14,28648.76
2025,7,Project,LOB_Group_1,Cost_Category_15,23786.79
2025,7,Base,LOB_Group_1,Cost_Category_16,37368.17
2025,7,Project,LOB_Group_2,Cost_Category_1,84195.64
2025,7,Base,LOB_Group_2,Cost_Category_2,82157.99
2025,7,Project,LOB_Group_2,Cost_Category_3,17937.58
2025,7,Project,LOB_Group_2,Cost_Category_4,97921.7
2025,7,Base,LOB_Group_2,Cost_Category_5,50117.53
2025,7,Project,LOB_Group_2,Cost_Category_6,81892.24
2025,7,Project,LOB_Group_2,Cost_Category_7,26125.93
2025,7,Project,LOB_Group_2,Cost_Category_8,53413.21
2025,7,Project,LOB_Group_2,Cost_Category_9,27162.82
2025,7,Base,LOB_Group_2,Cost_Category_10,15802.72
2025,7,Base,LOB_Group_2,Cost_Category_11,23000.21
2025,7,Base,LOB_Group_2,Cost_Category_12,62707.41
2025,7,Project,LOB_Group_2,Cost_Category_13,31016.25
2025,7,Project,LOB_Group_2,Cost_Category_14,82414.17
2025,7,Base,LOB_Group_2,Cost_Category_15,34579.84
2025,7,Project,LOB_Group_2,Cost_Category_16,64692.96
2025,7,Base,LOB_Group_3,Cost_Category_1,92998.77
2025,7,Base,LOB_Group_3,Cost_Category_2,50262.81
2025,7,Project,LOB_Group_3,Cost_Category_3,59160.17
2025,7,Project,LOB_Group_3,Cost_Category_4,52269.57
2025,7,Project,LOB_Group_3,Cost_Category_5,28099.45
2025,7,Project,LOB_Group_3,Cost_Category_6,73015.42
2025,7,Base,LOB_Group_3,Cost_Category_7,58012.21
2025,7,Project,LOB_Group_3,Cost_Category_8,14181.92
2025,7,Base,LOB_Group_3,Cost_Category_9,30569.63
2025,7,Base,LOB_Group_3,Cost_Category_10,54340.48
2025,7,Project,LOB_Group_3,Cost_Category_11,52943.52
2025,7,Base,LOB_Group_3,Cost_Category_12,9461.35
2025,7,Project,LOB_Group_3,Cost_Category_13,27631.8
2025,7,Base,LOB_Group_3,Cost_Category_14,87294.89
2025,7,Project,LOB_Group_3,Cost_Category_15,16654.44
2025,7,Project,LOB_Group_3,Cost_Category_16,86543.39
2025,7,Base,LOB_Group_4,Cost_Category_1,95896.62
2025,7,Project,LOB_Group_4,Cost_Category_2,25983.84
2025,7,Project,LOB_Group_4,Cost_Category_3,65985.25
2025,7,Base,LOB_Group_4,Cost_Category_4,5854.71
2025,7,Base,LOB_Group_4,Cost_Category_5,60251.22
2025,7,Base,LOB_Group_4,Cost_Category_6,50390.49
2025,7,Base,LOB_Group_4,Cost_Category_7,15462.53
2025,7,Project,LOB_Group_4,Cost_Category_8,10364.96
2025,7,Base,LOB_Group_4,Cost_Category_9,88671.93
2025,7,Base,LOB_Group_4,Cost_Category_10,78567.06
2025,7,Base,LOB_Group_4,Cost_Category_11,17173.57
2025,7,Base,LOB_Group_4,Cost_Category_12,66723.26
2025,7,Base,LOB_Group_4,Cost_Category_13,59862.6
2025,7,Project,LOB_Group_4,Cost_Category_14,2772.72
2025,7,Project,LOB_Group_4,Cost_Category_15,54780.08
2025,7,Base,LOB_Group_4,Cost_Category_16,99564.42
2025,7,Base,LOB_Group_5,Cost_Category_1,53283.15
2025,7,Project,LOB_Group_5,Cost_Category_2,61149.06
2025,7,Project,LOB_Group_5,Cost_Category_3,80375.05
2025,7,Project,LOB_Group_5,Cost_Category_4,87965.31
2025,7,Project,LOB_Group_5,Cost_Category_5,49270.38
2025,7,Base,LOB_Group_5,Cost_Category_6,7138.17
2025,7,Project,LOB_Group_5,Cost_Category_7,12267.03
2025,7,Project,LOB_Group_5,Cost_Category_8,26542.8
2025,7,Project,LOB_Group_5,Cost_Category_9,43827.24
2025,7,Project,LOB_Group_5,Cost_Category_10,13794.45
2025,7,Project,LOB_Group_5,Cost_Category_11,89790.36
2025,7,Base,LOB_Group_5,Cost_Category_12,18661.63
2025,7,Project,LOB_Group_5,Cost_Category_13,47382.57
2025,7,Project,LOB_Group_5,Cost_Category_14,21593.21
2025,7,Base,LOB_Group_5,Cost_Category_15,52479.07
2025,7,Project,LOB_Group_5,Cost_Category_16,15447.09
2025,7,Project,LOB_Group_6,Cost_Category_1,29479.73
2025,7,Base,LOB_Group_6,Cost_Category_2,49695.33
2025,7,Base,LOB_Group_6,Cost_Category_3,9488.24
2025,7,Project,LOB_Group_6,Cost_Category_4,82459.22
2025,7,Project,LOB_Group_6,Cost_Category_5,62814.05
2025,7,Base,LOB_Group_6,Cost_Category_6,16381.51
2025,7,Base,LOB_Group_6,Cost_Category_7,48599.06
2025,7,Base,LOB_Group_6,Cost_Category_8,46504.41
2025,7,Project,LOB_Group_6,Cost_Category_9,94539.11
2025,7,Base,LOB_Group_6,Cost_Category_10,25531.67
2025,7,Project,LOB_Group_6,Cost_Category_11,61120.88
2025,7,Base,LOB_Group_6,Cost_Category_12,15572.67
2025,7,Base,LOB_Group_6,Cost_Category_13,35366.27
2025,7,Base,LOB_Group_6,Cost_Category_14,9999.57
2025,7,Base,LOB_Group_6,Cost_Category_15,61519.39
2025,7,Base,LOB_Group_6,Cost_Category_16,76282.25
2025,7,Base,LOB_Group_7,Cost_Category_1,41901.25
2025,7,Project,LOB_Group_7,Cost_Category_2,61870.3
2025,7,Project,LOB_Group_7,Cost_Category_3,11645.73
2025,7,Project,LOB_Group_7,Cost_Category_4,95751.63
2025,7,Base,LOB_Group_7,Cost_Category_5,81444.86
2025,7,Project,LOB_Group_7,Cost_Category_6,38659.57
2025,7,Base,LOB_Group_7,Cost_Category_7,6507.67
2025,7,Base,LOB_Group_7,Cost_Category_8,79483.94
2025,7,Project,LOB_Group_7,Cost_Category_9,55100.92
2025,7,Base,LOB_Group_7,Cost_Category_10,72152.27
2025,7,Base,LOB_Group_7,Cost_Category_11,58332.9
2025,7,Base,LOB_Group_7,Cost_Category_12,57459.49
2025,7,Base,LOB_Group_7,Cost_Category_13,63056.01
2025,7,Base,LOB_Group_7,Cost_Category_14,70365.49
2025,7,Base,LOB_Group_7,Cost_Category_15,59266.42
2025,7,Base,LOB_Group_7,Cost_Category_16,23512.36
2025,7,Base,LOB_Group_8,Cost_Category_1,90147.28
2025,7,Project,LOB_Group_8,Cost_Category_2,92525.19
2025,7,Base,LOB_Group_8,Cost_Category_3,15635.83
2025,7,Base,LOB_Group_8,Cost_Category_4,53994.79
2025,7,Base,LOB_Group_8,Cost_Category_5,62424.33
2025,7,Base,LOB_Group_8,Cost_Category_6,44947.09
2025,7,Base,LOB_Group_8,Cost_Category_7,46863.93
2025,7,Base,LOB_Group_8,Cost_Category_8,17194.41
2025,7,Base,LOB_Group_8,Cost_Category_9,60332.39
2025,7,Base,LOB_Group_8,Cost_Category_10,6073.68
2025,7,Base,LOB_Group_8,Cost_Category_11,65520.04
2025,7,Base,LOB_Group_8,Cost_Category_12,95519.27
2025,7,Base,LOB_Group_8,Cost_Category_13,9236.63
2025,7,Project,LOB_Group_8,Cost_Category_14,62881.6
2025,7,Project,LOB_Group_8,Cost_Category_15,75853.15
2025,7,Project,LOB_Group_8,Cost_Category_16,9111.66
2025,8,Base,LOB_Group_1,Cost_Category_1,85845.01
2025,8,Base,LOB_Group_1,Cost_Category_2,32017.1
2025,8,Project,LOB_Group_1,Cost_Category_3,99078.26
2025,8,Base,LOB_Group_1,Cost_Category_4,94976.18
2025,8,Project,LOB_Group_1,Cost_Category_5,14712.17
2025,8,Base,LOB_Group_1,Cost_Category_6,78592.87
2025,8,Base,LOB_Group_1,Cost_Category_7,64175.2
2025,8,Project,LOB_Group_1,Cost_Category_8,38610.02
2025,8,Project,LOB_Group_1,Cost_Category_9,51863.91
2025,8,Project,LOB_Group_1,Cost_Category_10,42504.26
2025,8,Base,LOB_Group_1,Cost_Category_11,55458.84
2025,8,Project,LOB_Group_1,Cost_Category_12,34787.1
2025,8,Base,LOB_Group_1,Cost_Category_13,40447.38
2025,8,Project,LOB_Group_1,Cost_Category_14,11240.3
2025,8,Project,LOB_Group_1,Cost_Category_15,29844.87
2025,8,Base,LOB_Group_1,Cost_Category_16,28655.54
2025,8,Project,LOB_Group_2,Cost_Category_1,83038.95
2025,8,Project,LOB_Group_2,Cost_Category_2,44239.27
2025,8,Base,LOB_Group_2,Cost_Category_3,73622.54
2025,8,Base,LOB_Group_2,Cost_Category_4,98345.07
2025,8,Base,LOB_Group_2,Cost_Category_5,92498.87
2025,8,Base,LOB_Group_2,Cost_Category_6,68035.73
2025,8,Base,LOB_Group_2,Cost_Category_7,68478.45
2025,8,Base,LOB_Group_2,Cost_Category_8,10768.3
2025,8,Base,LOB_Group_2,Cost_Category_9,88285.38
2025,8,Base,LOB_Group_2,Cost_Category_10,19927.55
2025,8,Project,LOB_Group_2,Cost_Category_11,35855.53
2025,8,Project,LOB_Group_2,Cost_Category_12,60220.6
2025,8,Base,LOB_Group_2,Cost_Category_13,46964.88
2025,8,Base,LOB_Group_2,Cost_Category_14,64326.42
2025,8,Project,LOB_Group_2,Cost_Category_15,73347.82
2025,8,Base,LOB_Group_2,Cost_Category_16,85266.71
2025,8,Project,LOB_Group_3,Cost_Category_1,60902.79
2025,8,Project,LOB_Group_3,Cost_Category_2,40332.36
2025,8,Base,LOB_Group_3,Cost_Category_3,60264.9
2025,8,Project,LOB_Group_3,Cost_Category_4,71360.49
2025,8,Project,LOB_Group_3,Cost_Category_5,72930.75
2025,8,Base,LOB_Group_3,Cost_Category_6,44488.45
2025,8,Project,LOB_Group_3,Cost_Category_7,33438.01
2025,8,Project,LOB_Group_3,Cost_Category_8,81402.66
2025,8,Project,LOB_Group_3,Cost_Category_9,34762.82
2025,8,Project,LOB_Group_3,Cost_Category_10,38498.83
2025,8,Project,LOB_Group_3,Cost_Category_11,35147.95
2025,8,Project,LOB_Group_3,Cost_Category_12,81540.5
2025,8,Base,LOB_Group_3,Cost_Category_13,93389.17
2025,8,Base,LOB_Group_3,Cost_Category_14,66692.37
2025,8,Project,LOB_Group_3,Cost_Category_15,76535.3
2025,8,Base,LOB_Group_3,Cost_Category_16,61242.79
2025,8,Base,LOB_Group_4,Cost_Category_1,60298.92
2025,8,Base,LOB_Group_4,Cost_Category_2,2743.63
2025,8,Project,LOB_Group_4,Cost_Category_3,21419.2
2025,8,Base,LOB_Group_4,Cost_Category_4,88755.84
2025,8,Project,LOB_Group_4,Cost_Category_5,76940.97
2025,8,Base,LOB_Group_4,Cost_Category_6,20778.09
2025,8,Project,LOB_Group_4,Cost_Category_7,45297.91
2025,8,Project,LOB_Group_4,Cost_Category_8,89929.11
2025,8,Base,LOB_Group_4,Cost_Category_9,12162.8
2025,8,Project,LOB_Group_4,Cost_Category_10,40414.85
2025,8,Base,LOB_Group_4,Cost_Category_11,46811.35
2025,8,Base,LOB_Group_4,Cost_Category_12,91679.81
2025,8,Project,LOB_Group_4,Cost_Category_13,16749.74
2025,8,Base,LOB_Group_4,Cost_Category_14,34433.33
2025,8,Project,LOB_Group_4,Cost_Category_15,12743.33
2025,8,Project,LOB_Group_4,Cost_Category_16,39325.33
2025,8,Project,LOB_Group_5,Cost_Category_1,60085.53
2025,8,Project,LOB_Group_5,Cost_Category_2,31457.87
2025,8,Base,LOB_Group_5,Cost_Category_3,57461.16
2025,8,Base,LOB_Group_5,Cost_Category_4,84236.64
2025,8,Base,LOB_Group_5,Cost_Category_5,52150.76
2025,8,Base,LOB_Group_5,Cost_Category_6,91128.28
2025,8,Base,LOB_Group_5,Cost_Category_7,11093.63
2025,8,Base,LOB_Group_5,Cost_Category_8,2002.09
2025,8,Project,LOB_Group_5,Cost_Category_9,91220.71
2025,8,Base,LOB_Group_5,Cost_Category_10,50733.45
2025,8,Project,LOB_Group_5,Cost_Category_11,26662.91
2025,8,Base,LOB_Group_5,Cost_Category_12,65981.88
2025,8,Base,LOB_Group_5,Cost_Category_13,63543.56
2025,8,Base,LOB_Group_5,Cost_Category_14,43166.8
2025,8,Base,LOB_Group_5,Cost_Category_15,7465.21
2025,8,Base,LOB_Group_5,Cost_Category_16,54087.47
2025,8,Base,LOB_Group_6,Cost_Category_1,32229.07
2025,8,Project,LOB_Group_6,Cost_Category_2,4322.98
2025,8,Project,LOB_Group_6,Cost_Category_3,56180.57
2025,8,Project,LOB_Group_6,Cost_Category_4,39401.88
2025,8,Project,LOB_Group_6,Cost_Category_5,19720.6
2025,8,Base,LOB_Group_6,Cost_Category_6,49347.64
2025,8,Project,LOB_Group_6,Cost_Category_7,14160.37
2025,8,Base,LOB_Group_6,Cost_Category_8,27318.11
2025,8,Base,LOB_Group_6,Cost_Category_9,90526.78
2025,8,Base,LOB_Group_6,Cost_Category_10,24042.7
2025,8,Project,LOB_Group_6,Cost_Category_11,79879.36
2025,8,Project,LOB_Group_6,Cost_Category_12,17283.15
2025,8,Project,LOB_Group_6,Cost_Category_13,91301.5
2025,8,Project,LOB_Group_6,Cost_Category_14,57139.18
2025,8,Base,LOB_Group_6,Cost_Category_15,39280.81
2025,8,Project,LOB_Group_6,Cost_Category_16,51847.43
2025,8,Base,LOB_Group_7,Cost_Category_1,73926.97
2025,8,Base,LOB_Group_7,Cost_Category_2,73820.65
2025,8,Base,LOB_Group_7,Cost_Category_3,65631.59
2025,8,Base,LOB_Group_7,Cost_Category_4,32207.96
2025,8,Project,LOB_Group_7,Cost_Category_5,52665.96
2025,8,Project,LOB_Group_7,Cost_Category_6,28025.01
2025,8,Base,LOB_Group_7,Cost_Category_7,46497.06
2025,8,Project,LOB_Group_7,Cost_Category_8,6923.31
2025,8,Project,LOB_Group_7,Cost_Category_9,48748.2
2025,8,Base,LOB_Group_7,Cost_Category_10,28380.16
2025,8,Base,LOB_Group_7,Cost_Category_11,74941.65
2025,8,Base,LOB_Group_7,Cost_Category_12,75553.07
2025,8,Base,LOB_Group_7,Cost_Category_13,79566.1
2025,8,Project,LOB_Group_7,Cost_Category_14,38397.5
2025,8,Project,LOB_Group_7,Cost_Category_15,24771.66
2025,8,Project,LOB_Group_7,Cost_Category_16,11207.78
2025,8,Project,LOB_Group_8,Cost_Category_1,22568.05
2025,8,Project,LOB_Group_8,Cost_Category_2,98383.03
2025,8,Project,LOB_Group_8,Cost_Category_3,33560.82
2025,8,Project,LOB_Group_8,Cost_Category_4,42228.83
2025,8,Base,LOB_Group_8,Cost_Category_5,29534.36
2025,8,Project,LOB_Group_8,Cost_Category_6,10830.74
2025,8,Base,LOB_Group_8,Cost_Category_7,96686.76
2025,8,Base,LOB_Group_8,Cost_Category_8,30895.07
2025,8,Project,LOB_Group_8,Cost_Category_9,9511.99
2025,8,Project,LOB_Group_8,Cost_Category_10,9741.32
2025,8,Project,LOB_Group_8,Cost_Category_11,30083.26
2025,8,Project,LOB_Group_8,Cost_Category_12,82760.79
2025,8,Project,LOB_Group_8,Cost_Category_13,80013.55
2025,8,Base,LOB_Group_8,Cost_Category_14,42010.87
2025,8,Base,LOB_Group_8,Cost_Category_15,25663.16
2025,8,Project,LOB_Group_8,Cost_Category_16,31650.47
2025,9,Project,LOB_Group_1,Cost_Category_1,27633.74
2025,9,Project,LOB_Group_1,Cost_Category_2,8283.92
2025,9,Base,LOB_Group_1,Cost_Category_3,2025.13
2025,9,Project,LOB_Group_1,Cost_Category_4,66596.74
2025,9,Project,LOB_Group_1,Cost_Category_5,34168.82
2025,9,Project,LOB_Group_1,Cost_Category_6,79041.62
2025,9,Project,LOB_Group_1,Cost_Category_7,20906.73
2025,9,Base,LOB_Group_1,Cost_Category_8,97133.45
2025,9,Project,LOB_Group_1,Cost_Category_9,70963.91
2025,9,Project,LOB_Group_1,Cost_Category_10,2469.58
2025,9,Project,LOB_Group_1,Cost_Category_11,2723.83
2025,9,Project,LOB_Group_1,Cost_Category_12,79122.02
2025,9,Project,LOB_Group_1,Cost_Category_13,45191.94
2025,9,Base,LOB_Group_1,Cost_Category_14,56518.28
2025,9,Project,LOB_Group_1,Cost_Category_15,69251.13
2025,9,Base,LOB_Group_1,Cost_Category_16,4796.18
2025,9,Project,LOB_Group_2,Cost_Category_1,79592.68
2025,9,Project,LOB_Group_2,Cost_Category_2,7125.68
2025,9,Base,LOB_Group_2,Cost_Category_3,81663.96
2025,9,Base,LOB_Group_2,Cost_Category_4,74567.81
2025,9,Base,LOB_Group_2,Cost_Category_5,37365.62
2025,9,Base,LOB_Group_2,Cost_Category_6,64308.84
2025,9,Base,LOB_Group_2,Cost_Category_7,68211.36
2025,9,Base,LOB_Group_2,Cost_Category_8,23032.02
2025,9,Base,LOB_Group_2,Cost_Category_9,27913.6
2025,9,Project,LOB_Group_2,Cost_Category_10,32194.84
2025,9,Project,LOB_Group_2,Cost_Category_11,87534.73
2025,9,Base,LOB_Group_2,Cost_Category_12,35404.77
2025,9,Base,LOB_Group_2,Cost_Category_13,77900.51
2025,9,Base,LOB_Group_2,Cost_Category_14,78532.2
2025,9,Project,LOB_Group_2,Cost_Category_15,78477.54
2025,9,Base,LOB_Group_2,Cost_Category_16,31804.01
2025,9,Project,LOB_Group_3,Cost_Category_1,1768.36
2025,9,Project,LOB_Group_3,Cost_Category_2,90861.08
2025,9,Base,LOB_Group_3,Cost_Category_3,87916.99
2025,9,Base,LOB_Group_3,Cost_Category_4,39028.73
2025,9,Base,LOB_Group_3,Cost_Category_5,45928.07
2025,9,Project,LOB_Group_3,Cost_Category_6,17221.41
2025,9,Project,LOB_Group_3,Cost_Category_7,57512.38
2025,9,Base,LOB_Group_3,Cost_Category_8,49302.45
2025,9,Base,LOB_Group_3,Cost_Category_9,5368.32
2025,9,Project,LOB_Group_3,Cost_Category_10,23425.79
2025,9,Base,LOB_Group_3,Cost_Category_11,71451.61
2025,9,Project,LOB_Group_3,Cost_Category_12,30691.08
2025,9,Base,LOB_Group_3,Cost_Category_13,70962.97
2025,9,Project,LOB_Group_3,Cost_Category_14,46843.55
2025,9,Project,LOB_Group_3,Cost_Category_15,94289.28
2025,9,Project,LOB_Group_3,Cost_Category_16,34212.52
2025,9,Project,LOB_Group_4,Cost_Category_1,94159.3
2025,9,Project,LOB_Group_4,Cost_Category_2,25228.6
2025,9,Base,LOB_Group_4,Cost_Category_3,40180.24
2025,9,Project,LOB_Group_4,Cost_Category_4,42213.25
2025,9,Project,LOB_Group_4,Cost_Category_5,58895.96
2025,9,Base,LOB_Group_4,Cost_Category_6,68056.0
2025,9,Base,LOB_Group_4,Cost_Category_7,49522.17
2025,9,Base,LOB_Group_4,Cost_Category_8,15544.11
2025,9,Project,LOB_Group_4,Cost_Category_9,43821.06
2025,9,Project,LOB_Group_4,Cost_Category_10,55517.17
2025,9,Base,LOB_Group_4,Cost_Category_11,61840.65
2025,9,Base,LOB_Group_4,Cost_Category_12,12520.58
2025,9,Project,LOB_Group_4,Cost_Category_13,27257.44
2025,9,Base,LOB_Group_4,Cost_Category_14,7978.87
2025,9,Project,LOB_Group_4,Cost_Category_15,36879.24
2025,9,Project,LOB_Group_4,Cost_Category_16,77227.8
2025,9,Project,LOB_Group_5,Cost_Category_1,25998.03
2025,9,Base,LOB_Group_5,Cost_Category_2,15554.09
2025,9,Project,LOB_Group_5,Cost_Category_3,92911.04
2025,9,Base,LOB_Group_5,Cost_Category_4,31198.21
2025,9,Base,LOB_Group_5,Cost_Category_5,96689.02
2025,9,Base,LOB_Group_5,Cost_Category_6,69049.36
2025,9,Project,LOB_Group_5,Cost_Category_7,30891.97
2025,9,Base,LOB_Group_5,Cost_Category_8,43647.64
2025,9,Base,LOB_Group_5,Cost_Category_9,24694.42
2025,9,Project,LOB_Group_5,Cost_Category_10,92225.27
2025,9,Base,LOB_Group_5,Cost_Category_11,50957.64
2025,9,Base,LOB_Group_5,Cost_Category_12,21261.03
2025,9,Base,LOB_Group_5,Cost_Category_13,80784.2
2025,9,Project,LOB_Group_5,Cost_Category_14,84899.93
2025,9,Project,LOB_Group_5,Cost_Category_15,36965.28
2025,9,Project,LOB_Group_5,Cost_Category_16,21076.69
2025,9,Base,LOB_Group_6,Cost_Category_1,78710.59
2025,9,Base,LOB_Group_6,Cost_Category_2,25580.12
2025,9,Base,LOB_Group_6,Cost_Category_3,86842.84
2025,9,Base,LOB_Group_6,Cost_Category_4,67515.18
2025,9,Project,LOB_Group_6,Cost_Category_5,14000.49
2025,9,Base,LOB_Group_6,Cost_Category_6,3572.84
2025,9,Base,LOB_Group_6,Cost_Category_7,81427.14
2025,9,Project,LOB_Group_6,Cost_Category_8,51675.74
2025,9,Project,LOB_Group_6,Cost_Category_9,68828.25
2025,9,Base,LOB_Group_6,Cost_Category_10,70497.59
2025,9,Project,LOB_Group_6,Cost_Category_11,69244.97
2025,9,Project,LOB_Group_6,Cost_Category_12,83722.37
2025,9,Base,LOB_Group_6,Cost_Category_13,12975.27
2025,9,Base,LOB_Group_6,Cost_Category_14,67440.89
2025,9,Project,LOB_Group_6,Cost_Category_15,14594.77
2025,9,Base,LOB_Group_6,Cost_Category_16,33232.77
2025,9,Project,LOB_Group_7,Cost_Category_1,21179.86
2025,9,Base,LOB_Group_7,Cost_Category_2,33068.92
2025,9,Base,LOB_Group_7,Cost_Category_3,83353.55
2025,9,Project,LOB_Group_7,Cost_Category_4,89514.52
2025,9,Project,LOB_Group_7,Cost_Category_5,13509.14
2025,9,Base,LOB_Group_7,Cost_Category_6,93826.79
2025,9,Project,LOB_Group_7,Cost_Category_7,32185.75
2025,9,Base,LOB_Group_7,Cost_Category_8,31490.15
2025,9,Base,LOB_Group_7,Cost_Category_9,28106.4
2025,9,Base,LOB_Group_7,Cost_Category_10,37163.66
2025,9,Base,LOB_Group_7,Cost_Category_11,46572.46
2025,9,Project,LOB_Group_7,Cost_Category_12,18944.79
2025,9,Project,LOB_Group_7,Cost_Category_13,1478.05
2025,9,Project,LOB_Group_7,Cost_Category_14,24529.09
2025,9,Base,LOB_Group_7,Cost_Category_15,15428.45
2025,9,Base,LOB_Group_7,Cost_Category_16,88889.33
2025,9,Project,LOB_Group_8,Cost_Category_1,8269.29
2025,9,Project,LOB_Group_8,Cost_Category_2,30135.84
2025,9,Project,LOB_Group_8,Cost_Category_3,80760.15
2025,9,Project,LOB_Group_8,Cost_Category_4,79872.12
2025,9,Project,LOB_Group_8,Cost_Category_5,22787.8
2025,9,Base,LOB_Group_8,Cost_Category_6,65665.66
2025,9,Base,LOB_Group_8,Cost_Category_7,6318.9
2025,9,Project,LOB_Group_8,Cost_Category_8,89832.81
2025,9,Project,LOB_Group_8,Cost_Category_9,28646.52
2025,9,Project,LOB_Group_8,Cost_Category_10,84283.53
2025,9,Base,LOB_Group_8,Cost_Category_11,31273.82
2025,9,Project,LOB_Group_8,Cost_Category_12,1354.03
2025,9,Project,LOB_Group_8,Cost_Category_13,72026.24
2025,9,Base,LOB_Group_8,Cost_Category_14,25035.37
2025,9,Base,LOB_Group_8,Cost_Category_15,95185.47
2025,9,Project,LOB_Group_8,Cost_Category_16,6818.17
2025,10,Base,LOB_Group_1,Cost_Category_1,19549.59
2025,10,Project,LOB_Group_1,Cost_Category_2,22894.39
2025,10,Base,LOB_Group_1,Cost_Category_3,85128.35
2025,10,Project,LOB_Group_1,Cost_Category_4,97036.37
2025,10,Base,LOB_Group_1,Cost_Category_5,43230.45
2025,10,Project,LOB_Group_1,Cost_Category_6,55889.17
2025,10,Project,LOB_Group_1,Cost_Category_7,49322.48
2025,10,Base,LOB_Group_1,Cost_Category_8,60296.27
2025,10,Project,LOB_Group_1,Cost_Category_9,84568.98
2025,10,Base,LOB_Group_1,Cost_Category_10,42217.63
2025,10,Project,LOB_Group_1,Cost_Category_11,39717.76
2025,10,Base,LOB_Group_1,Cost_Category_12,18349.59
2025,10,Project,LOB_Group_1,Cost_Category_13,44731.16
2025,10,Project,LOB_Group_1,Cost_Category_14,76422.02
2025,10,Project,LOB_Group_1,Cost_Category_15,30982.63
2025,10,Base,LOB_Group_1,Cost_Category_16,2918.07
2025,10,Base,LOB_Group_2,Cost_Category_1,92277.75
2025,10,Project,LOB_Group_2,Cost_Category_2,88608.01
2025,10,Base,LOB_Group_2,Cost_Category_3,36429.39
2025,10,Project,LOB_Group_2,Cost_Category_4,69679.83
2025,10,Project,LOB_Group_2,Cost_Category_5,37806.63
2025,10,Project,LOB_Group_2,Cost_Category_6,8831.24
2025,10,Project,LOB_Group_2,Cost_Category_7,83630.11
2025,10,Project,LOB_Group_2,Cost_Category_8,43768.64
2025,10,Project,LOB_Group_2,Cost_Category_9,15670.33
2025,10,Project,LOB_Group_2,Cost_Category_10,36815.43
2025,10,Project,LOB_Group_2,Cost_Category_11,8201.07
2025,10,Project,LOB_Group_2,Cost_Category_12,94491.4
2025,10,Project,LOB_Group_2,Cost_Category_13,1309.77
2025,10,Project,LOB_Group_2,Cost_Category_14,6307.43
2025,10,Project,LOB_Group_2,Cost_Category_15,98472.2
2025,10,Base,LOB_Group_2,Cost_Category_16,23858.44
2025,10,Base,LOB_Group_3,Cost_Category_1,33968.96
2025,10,Project,LOB_Group_3,Cost_Category_2,15273.46
2025,10,Project,LOB_Group_3,Cost_Category_3,53544.97
2025,10,Project,LOB_Group_3,Cost_Category_4,81951.49
2025,10,Base,LOB_Group_3,Cost_Category_5,17335.62
2025,10,Project,LOB_Group_3,Cost_Category_6,15581.36
2025,10,Base,LOB_Group_3,Cost_Category_7,28227.68
2025,10,Base,LOB_Group_3,Cost_Category_8,67339.31
2025,10,Project,LOB_Group_3,Cost_Category_9,4208.44
2025,10,Project,LOB_Group_3,Cost_Category_10,10650.33
2025,10,Project,LOB_Group_3,Cost_Category_11,30214.0
2025,10,Project,LOB_Group_3,Cost_Category_12,81453.84
2025,10,Base,LOB_Group_3,Cost_Category_13,98690.34
2025,10,Project,LOB_Group_3,Cost_Category_14,34318.23
2025,10,Base,LOB_Group_3,Cost_Category_15,99052.21
2025,10,Base,LOB_Group_3,Cost_Category_16,61091.81
2025,10,Base,LOB_Group_4,Cost_Category_1,64072.63
2025,10,Project,LOB_Group_4,Cost_Category_2,31156.77
2025,10,Base,LOB_Group_4,Cost_Category_3,79193.0
2025,10,Project,LOB_Group_4,Cost_Category_4,42891.02
2025,10,Project,LOB_Group_4,Cost_Category_5,89981.11
2025,10,Base,LOB_Group_4,Cost_Category_6,95247.77
2025,10,Base,LOB_Group_4,Cost_Category_7,23935.37
2025,10,Project,LOB_Group_4,Cost_Category_8,49532.13
2025,10,Project,LOB_Group_4,Cost_Category_9,62961.78
2025,10,Base,LOB_Group_4,Cost_Category_10,16728.76
2025,10,Project,LOB_Group_4,Cost_Category_11,24955.99
2025,10,Project,LOB_Group_4,Cost_Category_12,57060.18
2025,10,Project,LOB_Group_4,Cost_Category_13,36134.43
2025,10,Project,LOB_Group_4,Cost_Category_14,63857.41
2025,10,Base,LOB_Group_4,Cost_Category_15,5697.69
2025,10,Base,LOB_Group_4,Cost_Category_16,45340.41
2025,10,Base,LOB_Group_5,Cost_Category_1,15996.3
2025,10,Base,LOB_Group_5,Cost_Category_2,59012.34
2025,10,Project,LOB_Group_5,Cost_Category_3,71365.15
2025,10,Project,LOB_Group_5,Cost_Category_4,19222.93
2025,10,Base,LOB_Group_5,Cost_Category_5,94994.27
2025,10,Base,LOB_Group_5,Cost_Category_6,93146.73
2025,10,Base,LOB_Group_5,Cost_Category_7,40545.71
2025,10,Project,LOB_Group_5,Cost_Category_8,71400.92
2025,10,Project,LOB_Group_5,Cost_Category_9,53922.13
2025,10,Base,LOB_Group_5,Cost_Category_10,41475.56
2025,10,Project,LOB_Group_5,Cost_Category_11,37505.34
2025,10,Base,LOB_Group_5,Cost_Category_12,58552.21
2025,10,Project,LOB_Group_5,Cost_Category_13,19359.33
2025,10,Base,LOB_Group_5,Cost_Category_14,90650.52
2025,10,Project,LOB_Group_5,Cost_Category_15,8238.08
2025,10,Base,LOB_Group_5,Cost_Category_16,70799.82
2025,10,Project,LOB_Group_6,Cost_Category_1,58426.7
2025,10,Project,LOB_Group_6,Cost_Category_2,86422.97
2025,10,Base,LOB_Group_6,Cost_Category_3,40794.78
2025,10,Project,LOB_Group_6,Cost_Category_4,59196.18
2025,10,Project,LOB_Group_6,Cost_Category_5,93943.81
2025,10,Project,LOB_Group_6,Cost_Category_6,96029.74
2025,10,Base,LOB_Group_6,Cost_Category_7,20116.07
2025,10,Base,LOB_Group_6,Cost_Category_8,32512.16
2025,10,Project,LOB_Group_6,Cost_Category_9,83669.21
2025,10,Project,LOB_Group_6,Cost_Category_10,26171.87
2025,10,Base,LOB_Group_6,Cost_Category_11,10332.21
2025,10,Base,LOB_Group_6,Cost_Category_12,9170.38
2025,10,Project,LOB_Group_6,Cost_Category_13,41475.66
2025,10,Project,LOB_Group_6,Cost_Category_14,95779.98
2025,10,Base,LOB_Group_6,Cost_Category_15,19774.78
2025,10,Project,LOB_Group_6,Cost_Category_16,44252.87
2025,10,Base,LOB_Group_7,Cost_Category_1,47613.9
2025,10,Project,LOB_Group_7,Cost_Category_2,11977.17
2025,10,Project,LOB_Group_7,Cost_Category_3,90667.16
2025,10,Base,LOB_Group_7,Cost_Category_4,59866.38
2025,10,Base,LOB_Group_7,Cost_Category_5,20758.19
2025,10,Base,LOB_Group_7,Cost_Category_6,29557.0
2025,10,Base,LOB_Group_7,Cost_Category_7,58371.95
2025,10,Project,LOB_Group_7,Cost_Category_8,38057.61
2025,10,Project,LOB_Group_7,Cost_Category_9,22955.68
2025,10,Project,LOB_Group_7,Cost_Category_10,77288.72
2025,10,Base,LOB_Group_7,Cost_Category_11,16322.47
2025,10,Base,LOB_Group_7,Cost_Category_12,25869.9
2025,10,Project,LOB_Group_7,Cost_Category_13,14770.68
2025,10,Base,LOB_Group_7,Cost_Category_14,27118.72
2025,10,Project,LOB_Group_7,Cost_Category_15,1592.77
2025,10,Project,LOB_Group_7,Cost_Category_16,18083.41
2025,10,Base,LOB_Group_8,Cost_Category_1,10682.03
2025,10,Base,LOB_Group_8,Cost_Category_2,36436.65
2025,10,Project,LOB_Group_8,Cost_Category_3,44590.96
2025,10,Project,LOB_Group_8,Cost_Category_4,26997.33
2025,10,Base,LOB_Group_8,Cost_Category_5,3558.58
2025,10,Project,LOB_Group_8,Cost_Category_6,70369.87
2025,10,Base,LOB_Group_8,Cost_Category_7,51180.94
2025,10,Base,LOB_Group_8,Cost_Category_8,35388.7
2025,10,Base,LOB_Group_8,Cost_Category_9,21382.11
2025,10,Base,LOB_Group_8,Cost_Category_10,4004.45
2025,10,Project,LOB_Group_8,Cost_Category_11,19427.86
2025,10,Project,LOB_Group_8,Cost_Category_12,42892.44
2025,10,Project,LOB_Group_8,Cost_Category_13,77082.92
2025,10,Project,LOB_Group_8,Cost_Category_14,48146.56
2025,10,Project,LOB_Group_8,Cost_Category_15,54316.66
2025,10,Base,LOB_Group_8,Cost_Category_16,1633.28
2025,11,Project,LOB_Group_1,Cost_Category_1,2812.54
2025,11,Base,LOB_Group_1,Cost_Category_2,43821.02
2025,11,Base,LOB_Group_1,Cost_Category_3,47163.07
2025,11,Project,LOB_Group_1,Cost_Category_4,94482.45
2025,11,Base,LOB_Group_1,Cost_Category_5,89065.81
2025,11,Base,LOB_Group_1,Cost_Category_6,86793.02
2025,11,Project,LOB_Group_1,Cost_Category_7,62519.93
2025,11,Project,LOB_Group_1,Cost_Category_8,76114.91
2025,11,Base,LOB_Group_1,Cost_Category_9,66595.04
2025,11,Base,LOB_Group_1,Cost_Category_10,21935.34
2025,11,Project,LOB_Group_1,Cost_Category_11,83323.4
2025,11,Base,LOB_Group_1,Cost_Category_12,28384.43
2025,11,Project,LOB_Group_1,Cost_Category_13,39053.08
2025,11,Base,LOB_Group_1,Cost_Category_14,58056.77
2025,11,Project,LOB_Group_1,Cost_Category_15,3929.49
2025,11,Base,LOB_Group_1,Cost_Category_16,35715.73
2025,11,Base,LOB_Group_2,Cost_Category_1,2036.4
2025,11,Base,LOB_Group_2,Cost_Category_2,87316.82
2025,11,Base,LOB_Group_2,Cost_Category_3,99562.33
2025,11,Base,LOB_Group_2,Cost_Category_4,21705.08
2025,11,Base,LOB_Group_2,Cost_Category_5,47596.33
2025,11,Project,LOB_Group_2,Cost_Category_6,8806.31
2025,11,Project,LOB_Group_2,Cost_Category_7,50986.52
2025,11,Base,LOB_Group_2,Cost_Category_8,31232.61
2025,11,Base,LOB_Group_2,Cost_Category_9,76882.74
2025,11,Project,LOB_Group_2,Cost_Category_10,79472.53
2025,11,Project,LOB_Group_2,Cost_Category_11,1076.49
2025,11,Base,LOB_Group_2,Cost_Category_12,23802.75
2025,11,Base,LOB_Group_2,Cost_Category_13,26633.49
2025,11,Base,LOB_Group_2,Cost_Category_14,60868.71
2025,11,Project,LOB_Group_2,Cost_Category_15,99304.85
2025,11,Project,LOB_Group_2,Cost_Category_16,86210.37
2025,11,Base,LOB_Group_3,Cost_Category_1,22951.1
2025,11,Base,LOB_Group_3,Cost_Category_2,2574.42
2025,11,Project,LOB_Group_3,Cost_Category_3,1459.49
2025,11,Project,LOB_Group_3,Cost_Category_4,11251.68
2025,11,Project,LOB_Group_3,Cost_Category_5,43254.76
2025,11,Project,LOB_Group_3,Cost_Category_6,24334.72
2025,11,Base,LOB_Group_3,Cost_Category_7,97726.84
2025,11,Base,LOB_Group_3,Cost_Category_8,46230.06
2025,11,Base,LOB_Group_3,Cost_Category_9,84317.0
2025,11,Project,LOB_Group_3,Cost_Category_10,32165.07
2025,11,Base,LOB_Group_3,Cost_Category_11,22474.21
2025,11,Project,LOB_Group_3,Cost_Category_12,84645.78
2025,11,Base,LOB_Group_3,Cost_Category_13,88857.23
2025,11,Project,LOB_Group_3,Cost_Category_14,30059.89
2025,11,Base,LOB_Group_3,Cost_Category_15,34947.07
2025,11,Base,LOB_Group_3,Cost_Category_16,12922.39
2025,11,Base,LOB_Group_4,Cost_Category_1,69860.12
2025,11,Base,LOB_Group_4,Cost_Category_2,42388.77
2025,11,Base,LOB_Group_4,Cost_Category_3,46426.54
2025,11,Base,LOB_Group_4,Cost_Category_4,4403.57
2025,11,Base,LOB_Group_4,Cost_Category_5,51839.33
2025,11,Base,LOB_Group_4,Cost_Category_6,62715.97
2025,11,Base,LOB_Group_4,Cost_Category_7,51797.3
2025,11,Base,LOB_Group_4,Cost_Category_8,18659.17
2025,11,Project,LOB_Group_4,Cost_Category_9,95416.68
2025,11,Project,LOB_Group_4,Cost_Category_10,86568.21
2025,11,Base,LOB_Group_4,Cost_Category_11,18410.01
2025,11,Base,LOB_Group_4,Cost_Category_12,80201.81
2025,11,Base,LOB_Group_4,Cost_Category_13,90019.69
2025,11,Base,LOB_Group_4,Cost_Category_14,68776.77
2025,11,Project,LOB_Group_4,Cost_Category_15,30265.75
2025,11,Project,LOB_Group_4,Cost_Category_16,66577.45
2025,11,Base,LOB_Group_5,Cost_Category_1,32909.81
2025,11,Project,LOB_Group_5,Cost_Category_2,94501.74
2025,11,Project,LOB_Group_5,Cost_Category_3,63792.15
2025,11,Base,LOB_Group_5,Cost_Category_4,74085.73
2025,11,Base,LOB_Group_5,Cost_Category_5,73599.56
2025,11,Project,LOB_Group_5,Cost_Category_6,5106.93
2025,11,Project,LOB_Group_5,Cost_Category_7,39083.87
2025,11,Base,LOB_Group_5,Cost_Category_8,31392.74
2025,11,Base,LOB_Group_5,Cost_Category_9,88914.64
2025,11,Base,LOB_Group_5,Cost_Category_10,34007.7
2025,11,Base,LOB_Group_5,Cost_Category_11,12952.73
2025,11,Base,LOB_Group_5,Cost_Category_12,51470.6
2025,11,Project,LOB_Group_5,Cost_Category_13,88588.45
2025,11,Project,LOB_Group_5,Cost_Category_14,17581.78
2025,11,Base,LOB_Group_5,Cost_Category_15,74702.97
2025,11,Project,LOB_Group_5,Cost_Category_16,62487.64
2025,11,Project,LOB_Group_6,Cost_Category_1,70719.58
2025,11,Base,LOB_Group_6,Cost_Category_2,98202.35
2025,11,Project,LOB_Group_6,Cost_Category_3,49059.59
2025,11,Project,LOB_Group_6,Cost_Category_4,98298.99
2025,11,Base,LOB_Group_6,Cost_Category_5,99480.71
2025,11,Project,LOB_Group_6,Cost_Category_6,94787.38
2025,11,Base,LOB_Group_6,Cost_Category_7,53894.74
2025,11,Project,LOB_Group_6,Cost_Category_8,58861.53
2025,11,Project,LOB_Group_6,Cost_Category_9,35928.7
2025,11,Project,LOB_Group_6,Cost_Category_10,44262.91
2025,11,Base,LOB_Group_6,Cost_Category_11,39797.24
2025,11,Project,LOB_Group_6,Cost_Category_12,55338.8
2025,11,Base,LOB_Group_6,Cost_Category_13,15058.99
2025,11,Project,LOB_Group_6,Cost_Category_14,83490.98
2025,11,Base,LOB_Group_6,Cost_Category_15,59388.67
2025,11,Project,LOB_Group_6,Cost_Category_16,9950.78
2025,11,Project,LOB_Group_7,Cost_Category_1,51507.78
2025,11,Project,LOB_Group_7,Cost_Category_2,74386.61
2025,11,Base,LOB_Group_7,Cost_Category_3,98828.08
2025,11,Project,LOB_Group_7,Cost_Category_4,35317.19
2025,11,Base,LOB_Group_7,Cost_Category_5,92157.84
2025,11,Project,LOB_Group_7,Cost_Category_6,78611.94
2025,11,Project,LOB_Group_7,Cost_Category_7,26223.65
2025,11,Project,LOB_Group_7,Cost_Category_8,9063.61
2025,11,Project,LOB_Group_7,Cost_Category_9,78689.58
2025,11,Project,LOB_Group_7,Cost_Category_10,37182.24
2025,11,Project,LOB_Group_7,Cost_Category_11,4134.64
2025,11,Project,LOB_Group_7,Cost_Category_12,84500.93
2025,11,Base,LOB_Group_7,Cost_Category_13,68527.29
2025,11,Base,LOB_Group_7,Cost_Category_14,4258.6
2025,11,Project,LOB_Group_7,Cost_Category_15,34644.22
2025,11,Base,LOB_Group_7,Cost_Category_16,66379.04
2025,11,Base,LOB_Group_8,Cost_Category_1,34291.41
2025,11,Project,LOB_Group_8,Cost_Category_2,8159.4
2025,11,Base,LOB_Group_8,Cost_Category_3,33275.53
2025,11,Base,LOB_Group_8,Cost_Category_4,98244.5
2025,11,Base,LOB_Group_8,Cost_Category_5,85420.03
2025,11,Project,LOB_Group_8,Cost_Category_6,43782.11
2025,11,Base,LOB_Group_8,Cost_Category_7,41997.29
2025,11,Base,LOB_Group_8,Cost_Category_8,17555.24
2025,11,Project,LOB_Group_8,Cost_Category_9,25453.8
2025,11,Project,LOB_Group_8,Cost_Category_10,25386.13
2025,11,Project,LOB_Group_8,Cost_Category_11,96049.42
2025,11,Base,LOB_Group_8,Cost_Category_12,68860.18
2025,11,Project,LOB_Group_8,Cost_Category_13,10106.94
2025,11,Base,LOB_Group_8,Cost_Category_14,66060.92
2025,11,Project,LOB_Group_8,Cost_Category_15,4487.21
2025,11,Base,LOB_Group_8,Cost_Category_16,41468.51
2025,12,Project,LOB_Group_1,Cost_Category_1,50802.91
2025,12,Project,LOB_Group_1,Cost_Category_2,37605.19
2025,12,Project,LOB_Group_1,Cost_Category_3,83239.29
2025,12,Project,LOB_Group_1,Cost_Category_4,38629.25
2025,12,Base,LOB_Group_1,Cost_Category_5,33615.69
2025,12,Base,LOB_Group_1,Cost_Category_6,73831.38
2025,12,Base,LOB_Group_1,Cost_Category_7,43917.55
2025,12,Project,LOB_Group_1,Cost_Category_8,52055.74
2025,12,Project,LOB_Group_1,Cost_Category_9,25157.41
2025,12,Project,LOB_Group_1,Cost_Category_10,97121.08
2025,12,Project,LOB_Group_1,Cost_Category_11,78187.45
2025,12,Base,LOB_Group_1,Cost_Category_12,1583.58
2025,12,Base,LOB_Group_1,Cost_Category_13,54981.43
2025,12,Base,LOB_Group_1,Cost_Category_14,80330.46
2025,12,Project,LOB_Group_1,Cost_Category_15,22541.39
2025,12,Base,LOB_Group_1,Cost_Category_16,29361.85
2025,12,Project,LOB_Group_2,Cost_Category_1,36778.06
2025,12,Project,LOB_Group_2,Cost_Category_2,73568.33
2025,12,Base,LOB_Group_2,Cost_Category_3,58451.56
2025,12,Base,LOB_Group_2,Cost_Category_4,21419.5
2025,12,Base,LOB_Group_2,Cost_Category_5,24147.77
2025,12,Project,LOB_Group_2,Cost_Category_6,52628.86
2025,12,Project,LOB_Group_2,Cost_Category_7,31563.7
2025,12,Project,LOB_Group_2,Cost_Category_8,32247.92
2025,12,Base,LOB_Group_2,Cost_Category_9,19850.75
2025,12,Base,LOB_Group_2,Cost_Category_10,33951.94
2025,12,Base,LOB_Group_2,Cost_Category_11,95843.08
2025,12,Project,LOB_Group_2,Cost_Category_12,76882.75
2025,12,Base,LOB_Group_2,Cost_Category_13,34499.88
2025,12,Project,LOB_Group_2,Cost_Category_14,25602.38
2025,12,Project,LOB_Group_2,Cost_Category_15,84728.99
2025,12,Base,LOB_Group_2,Cost_Category_16,8457.52
2025,12,Project,LOB_Group_3,Cost_Category_1,50096.8
2025,12,Project,LOB_Group_3,Cost_Category_2,94002.29
2025,12,Base,LOB_Group_3,Cost_Category_3,96741.0
2025,12,Base,LOB_Group_3,Cost_Category_4,5404.37
2025,12,Base,LOB_Group_3,Cost_Category_5,19126.52
2025,12,Project,LOB_Group_3,Cost_Category_6,37360.88
2025,12,Base,LOB_Group_3,Cost_Category_7,74438.92
2025,12,Project,LOB_Group_3,Cost_Category_8,24290.69
2025,12,Base,LOB_Group_3,Cost_Category_9,11311.0
2025,12,Project,LOB_Group_3,Cost_Category_10,77501.31
2025,12,Base,LOB_Group_3,Cost_Category_11,31040.25
2025,12,Project,LOB_Group_3,Cost_Category_12,20485.16
2025,12,Base,LOB_Group_3,Cost_Category_13,34074.02
2025,12,Project,LOB_Group_3,Cost_Category_14,29287.3
2025,12,Base,LOB_Group_3,Cost_Category_15,76805.86
2025,12,Base,LOB_Group_3,Cost_Category_16,69917.25
2025,12,Project,LOB_Group_4,Cost_Category_1,14518.22
2025,12,Project,LOB_Group_4,Cost_Category_2,66257.41
2025,12,Base,LOB_Group_4,Cost_Category_3,58526.39
2025,12,Project,LOB_Group_4,Cost_Category_4,87616.08
2025,12,Base,LOB_Group_4,Cost_Category_5,41029.52
2025,12,Project,LOB_Group_4,Cost_Category_6,39269.97
2025,12,Project,LOB_Group_4,Cost_Category_7,95866.28
2025,12,Project,LOB_Group_4,Cost_Category_8,8793.5
2025,12,Base,LOB_Group_4,Cost_Category_9,20698.19
2025,12,Base,LOB_Group_4,Cost_Category_10,33928.58
2025,12,Project,LOB_Group_4,Cost_Category_11,1318.27
2025,12,Project,LOB_Group_4,Cost_Category_12,22497.15
2025,12,Base,LOB_Group_4,Cost_Category_13,68984.48
2025,12,Base,LOB_Group_4,Cost_Category_14,1440.59
2025,12,Base,LOB_Group_4,Cost_Category_15,12966.95
2025,12,Base,LOB_Group_4,Cost_Category_16,26314.7
2025,12,Project,LOB_Group_5,Cost_Category_1,87579.26
2025,12,Base,LOB_Group_5,Cost_Category_2,65994.73
2025,12,Base,LOB_Group_5,Cost_Category_3,38782.46
2025,12,Project,LOB_Group_5,Cost_Category_4,57504.42
2025,12,Base,LOB_Group_5,Cost_Category_5,11380.86
2025,12,Base,LOB_Group_5,Cost_Category_6,95548.03
2025,12,Base,LOB_Group_5,Cost_Category_7,8494.99
2025,12,Base,LOB_Group_5,Cost_Category_8,9484.25
2025,12,Project,LOB_Group_5,Cost_Category_9,50273.57
2025,12,Base,LOB_Group_5,Cost_Category_10,28068.53
2025,12,Base,LOB_Group_5,Cost_Category_11,63637.63
2025,12,Project,LOB_Group_5,Cost_Category_12,26955.95
2025,12,Base,LOB_Group_5,Cost_Category_13,80763.96
2025,12,Project,LOB_Group_5,Cost_Category_14,76509.49
2025,12,Project,LOB_Group_5,Cost_Category_15,22650.69
2025,12,Base,LOB_Group_5,Cost_Category_16,33401.78
2025,12,Project,LOB_Group_6,Cost_Category_1,20469.26
2025,12,Project,LOB_Group_6,Cost_Category_2,73630.02
2025,12,Project,LOB_Group_6,Cost_Category_3,62881.93
2025,12,Base,LOB_Group_6,Cost_Category_4,98167.23
2025,12,Base,LOB_Group_6,Cost_Category_5,17767.67
2025,12,Project,LOB_Group_6,Cost_Category_6,14130.93
2025,12,Base,LOB_Group_6,Cost_Category_7,16722.69
2025,12,Project,LOB_Group_6,Cost_Category_8,24679.53
2025,12,Base,LOB_Group_6,Cost_Category_9,12489.48
2025,12,Base,LOB_Group_6,Cost_Category_10,98673.42
2025,12,Project,LOB_Group_6,Cost_Category_11,79737.92
2025,12,Project,LOB_Group_6,Cost_Category_12,93226.41
2025,12,Project,LOB_Group_6,Cost_Category_13,21796.26
2025,12,Project,LOB_Group_6,Cost_Category_14,53145.08
2025,12,Project,LOB_Group_6,Cost_Category_15,96142.06
2025,12,Project,LOB_Group_6,Cost_Category_16,38764.9
2025,12,Project,LOB_Group_7,Cost_Category_1,78928.95
2025,12,Project,LOB_Group_7,Cost_Category_2,89599.01
2025,12,Project,LOB_Group_7,Cost_Category_3,79043.19
2025,12,Project,LOB_Group_7,Cost_Category_4,43164.35
2025,12,Base,LOB_Group_7,Cost_Category_5,15175.74
2025,12,Project,LOB_Group_7,Cost_Category_6,58909.98
2025,12,Base,LOB_Group_7,Cost_Category_7,63482.8
2025,12,Base,LOB_Group_7,Cost_Category_8,87337.42
2025,12,Project,LOB_Group_7,Cost_Category_9,29293.31
2025,12,Project,LOB_Group_7,Cost_Category_10,6807.43
2025,12,Base,LOB_Group_7,Cost_Category_11,69361.84
2025,12,Project,LOB_Group_7,Cost_Category_12,46417.97
2025,12,Base,LOB_Group_7,Cost_Category_13,40572.71
2025,12,Base,LOB_Group_7,Cost_Category_14,56690.12
2025,12,Project,LOB_Group_7,Cost_Category_15,79566.55
2025,12,Project,LOB_Group_7,Cost_Category_16,42759.93
2025,12,Base,LOB_Group_8,Cost_Category_1,27812.45
2025,12,Base,LOB_Group_8,Cost_Category_2,14534.42
2025,12,Base,LOB_Group_8,Cost_Category_3,27883.07
2025,12,Project,LOB_Group_8,Cost_Category_4,88740.32
2025,12,Project,LOB_Group_8,Cost_Category_5,85738.7
2025,12,Project,LOB_Group_8,Cost_Category_6,38274.64
2025,12,Base,LOB_Group_8,Cost_Category_7,35483.92
2025,12,Project,LOB_Group_8,Cost_Category_8,76347.22
2025,12,Base,LOB_Group_8,Cost_Category_9,9810.9
2025,12,Base,LOB_Group_8,Cost_Category_10,90681.49
2025,12,Project,LOB_Group_8,Cost_Category_11,90057.01
2025,12,Project,LOB_Group_8,Cost_Category_12,58336.49
2025,12,Project,LOB_Group_8,Cost_Category_13,19977.9
2025,12,Base,LOB_Group_8,Cost_Category_14,25098.5
2025,12,Base,LOB_Group_8,Cost_Category_15,83813.79
2025,12,Project,LOB_Group_8,Cost_Category_16,44686.43
